browser,version,release_date,engine,engine_version,status,upstream,type
chrome,1,2008-12-11,WebKit,WebKit 528,retired,none,desktop
chrome,2,2009-05-21,WebKit,WebKit 530,retired,none,desktop
chrome,3,2009-09-15,WebKit,WebKit 532,retired,none,desktop
chrome,4,2010-01-25,WebKit,WebKit 532.5,retired,none,desktop
chrome,5,2010-05-25,WebKit,WebKit 533,retired,none,desktop
chrome,6,2010-09-02,WebKit,WebKit 534.3,retired,none,desktop
chrome,7,2010-10-19,WebKit,WebKit 534.7,retired,none,desktop
chrome,8,2010-12-02,WebKit,WebKit 534.10,retired,none,desktop
chrome,9,2011-02-03,WebKit,WebKit 534.13,retired,none,desktop
chrome,10,2011-03-08,WebKit,WebKit 534.16,retired,none,desktop
chrome,11,2011-04-27,WebKit,WebKit 534.24,retired,none,desktop
chrome,12,2011-06-07,WebKit,WebKit 534.30,retired,none,desktop
chrome,13,2011-08-02,WebKit,WebKit 535.1,retired,none,desktop
chrome,14,2011-09-16,WebKit,WebKit 535.1,retired,none,desktop
chrome,15,2011-10-25,WebKit,WebKit 535.2,retired,none,desktop
chrome,16,2011-12-13,WebKit,WebKit 535.7,retired,none,desktop
chrome,17,2012-02-08,WebKit,WebKit 535.11,retired,none,desktop
chrome,18,2012-03-28,WebKit,WebKit 535.19,retired,none,desktop
chrome,19,2012-05-15,WebKit,WebKit 536.5,retired,none,desktop
chrome,20,2012-06-26,WebKit,WebKit 536.10,retired,none,desktop
chrome,21,2012-07-31,WebKit,WebKit 537.1,retired,none,desktop
chrome,22,2012-09-25,WebKit,WebKit 537.4,retired,none,desktop
chrome,23,2012-11-06,WebKit,WebKit 537.11,retired,none,desktop
chrome,24,2013-01-10,WebKit,WebKit 537.17,retired,none,desktop
chrome,25,2013-02-21,WebKit,WebKit 537.22,retired,none,desktop
chrome,26,2013-03-26,WebKit,WebKit 537.31,retired,none,desktop
chrome,27,2013-05-21,WebKit,WebKit 537.36,retired,none,desktop
chrome,28,2013-07-09,Blink,Blink 28,retired,none,desktop
chrome,29,2013-08-20,Blink,Blink 29,retired,none,desktop
chrome,30,2013-10-01,Blink,Blink 30,retired,none,desktop
chrome,31,2013-11-12,Blink,Blink 31,retired,none,desktop
chrome,32,2014-01-14,Blink,Blink 32,retired,none,desktop
chrome,33,2014-02-20,Blink,Blink 33,retired,none,desktop
chrome,34,2014-04-08,Blink,Blink 34,retired,none,desktop
chrome,35,2014-05-20,Blink,Blink 35,retired,none,desktop
chrome,36,2014-07-16,Blink,Blink 36,retired,none,desktop
chrome,37,2014-08-26,Blink,Blink 37,retired,none,desktop
chrome,38,2014-10-07,Blink,Blink 38,retired,none,desktop
chrome,39,2014-11-18,Blink,Blink 39,retired,none,desktop
chrome,40,2015-01-21,Blink,Blink 40,retired,none,desktop
chrome,41,2015-03-03,Blink,Blink 41,retired,none,desktop
chrome,42,2015-04-14,Blink,Blink 42,retired,none,desktop
chrome,43,2015-05-19,Blink,Blink 43,retired,none,desktop
chrome,44,2015-07-21,Blink,Blink 44,retired,none,desktop
chrome,45,2015-09-01,Blink,Blink 45,retired,none,desktop
chrome,46,2015-10-13,Blink,Blink 46,retired,none,desktop
chrome,47,2015-12-01,Blink,Blink 47,retired,none,desktop
chrome,48,2016-01-20,Blink,Blink 48,retired,none,desktop
chrome,49,2016-03-02,Blink,Blink 49,retired,none,desktop
chrome,50,2016-04-13,Blink,Blink 50,retired,none,desktop
chrome,51,2016-05-25,Blink,Blink 51,retired,none,desktop
chrome,52,2016-07-20,Blink,Blink 52,retired,none,desktop
chrome,53,2016-08-31,Blink,Blink 53,retired,none,desktop
chrome,54,2016-10-12,Blink,Blink 54,retired,none,desktop
chrome,55,2016-12-01,Blink,Blink 55,retired,none,desktop
chrome,56,2017-01-25,Blink,Blink 56,retired,none,desktop
chrome,57,2017-03-09,Blink,Blink 57,retired,none,desktop
chrome,58,2017-04-19,Blink,Blink 58,retired,none,desktop
chrome,59,2017-06-05,Blink,Blink 59,retired,none,desktop
chrome,60,2017-07-25,Blink,Blink 60,retired,none,desktop
chrome,61,2017-09-05,Blink,Blink 61,retired,none,desktop
chrome,62,2017-10-17,Blink,Blink 62,retired,none,desktop
chrome,63,2017-12-06,Blink,Blink 63,retired,none,desktop
chrome,64,2018-01-23,Blink,Blink 64,retired,none,desktop
chrome,65,2018-03-06,Blink,Blink 65,retired,none,desktop
chrome,66,2018-04-17,Blink,Blink 66,retired,none,desktop
chrome,67,2018-05-29,Blink,Blink 67,retired,none,desktop
chrome,68,2018-07-24,Blink,Blink 68,retired,none,desktop
chrome,69,2018-09-04,Blink,Blink 69,retired,none,desktop
chrome,70,2018-10-16,Blink,Blink 70,retired,none,desktop
chrome,71,2018-12-04,Blink,Blink 71,retired,none,desktop
chrome,72,2019-01-29,Blink,Blink 72,retired,none,desktop
chrome,73,2019-03-12,Blink,Blink 73,retired,none,desktop
chrome,74,2019-04-23,Blink,Blink 74,retired,none,desktop
chrome,75,2019-06-04,Blink,Blink 75,retired,none,desktop
chrome,76,2019-07-30,Blink,Blink 76,retired,none,desktop
chrome,77,2019-09-10,Blink,Blink 77,retired,none,desktop
chrome,78,2019-10-22,Blink,Blink 78,retired,none,desktop
chrome,79,2019-12-10,Blink,Blink 79,retired,none,desktop
chrome,80,2020-02-04,Blink,Blink 80,retired,none,desktop
chrome,81,2020-04-07,Blink,Blink 81,retired,none,desktop
chrome,83,2020-05-19,Blink,Blink 83,retired,none,desktop
chrome,84,2020-07-27,Blink,Blink 84,retired,none,desktop
chrome,85,2020-08-25,Blink,Blink 85,retired,none,desktop
chrome,86,2020-10-20,Blink,Blink 86,retired,none,desktop
chrome,87,2020-11-17,Blink,Blink 87,retired,none,desktop
chrome,88,2021-01-19,Blink,Blink 88,retired,none,desktop
chrome,89,2021-03-02,Blink,Blink 89,retired,none,desktop
chrome,90,2021-04-13,Blink,Blink 90,retired,none,desktop
chrome,91,2021-05-25,Blink,Blink 91,retired,none,desktop
chrome,92,2021-07-20,Blink,Blink 92,retired,none,desktop
chrome,93,2021-08-31,Blink,Blink 93,retired,none,desktop
chrome,94,2021-09-21,Blink,Blink 94,retired,none,desktop
chrome,95,2021-10-19,Blink,Blink 95,retired,none,desktop
chrome,96,2021-11-15,Blink,Blink 96,retired,none,desktop
chrome,97,2022-01-04,Blink,Blink 97,retired,none,desktop
chrome,98,2022-02-01,Blink,Blink 98,retired,none,desktop
chrome,99,2022-03-01,Blink,Blink 99,retired,none,desktop
chrome,100,2022-03-29,Blink,Blink 100,retired,none,desktop
chrome,101,2022-04-26,Blink,Blink 101,retired,none,desktop
chrome,102,2022-05-24,Blink,Blink 102,retired,none,desktop
chrome,103,2022-06-21,Blink,Blink 103,retired,none,desktop
chrome,104,2022-08-02,Blink,Blink 104,retired,none,desktop
chrome,105,2022-09-02,Blink,Blink 105,retired,none,desktop
chrome,106,2022-09-27,Blink,Blink 106,retired,none,desktop
chrome,107,2022-10-25,Blink,Blink 107,retired,none,desktop
chrome,108,2022-11-29,Blink,Blink 108,retired,none,desktop
chrome,109,2023-01-10,Blink,Blink 109,retired,none,desktop
chrome,110,2023-02-07,Blink,Blink 110,retired,none,desktop
chrome,111,2023-03-07,Blink,Blink 111,retired,none,desktop
chrome,112,2023-04-04,Blink,Blink 112,retired,none,desktop
chrome,113,2023-05-02,Blink,Blink 113,retired,none,desktop
chrome,114,2023-05-30,Blink,Blink 114,retired,none,desktop
chrome,115,2023-07-18,Blink,Blink 115,retired,none,desktop
chrome,116,2023-08-15,Blink,Blink 116,retired,none,desktop
chrome,117,2023-09-12,Blink,Blink 117,retired,none,desktop
chrome,118,2023-10-10,Blink,Blink 118,retired,none,desktop
chrome,119,2023-10-31,Blink,Blink 119,retired,none,desktop
chrome,120,2023-12-05,Blink,Blink 120,retired,none,desktop
chrome,121,2024-01-23,Blink,Blink 121,retired,none,desktop
chrome,122,2024-02-20,Blink,Blink 122,retired,none,desktop
chrome,123,2024-03-19,Blink,Blink 123,retired,none,desktop
chrome,124,2024-04-16,Blink,Blink 124,retired,none,desktop
chrome,125,2024-05-14,Blink,Blink 125,retired,none,desktop
chrome,126,2024-06-11,Blink,Blink 126,retired,none,desktop
chrome,127,2024-07-23,Blink,Blink 127,retired,none,desktop
chrome,128,2024-08-20,Blink,Blink 128,retired,none,desktop
chrome,129,2024-09-17,Blink,Blink 129,retired,none,desktop
chrome,130,2024-10-15,Blink,Blink 130,retired,none,desktop
chrome,131,2024-11-12,Blink,Blink 131,retired,none,desktop
chrome,132,2025-01-14,Blink,Blink 132,retired,none,desktop
chrome,133,2025-02-04,Blink,Blink 133,retired,none,desktop
chrome,134,2025-03-04,Blink,Blink 134,retired,none,desktop
chrome,135,2025-04-01,Blink,Blink 135,retired,none,desktop
chrome,136,2025-04-29,Blink,Blink 136,retired,none,desktop
chrome,137,2025-05-27,Blink,Blink 137,retired,none,desktop
chrome,138,2025-06-24,Blink,Blink 138,retired,none,desktop
chrome,139,2025-08-05,Blink,Blink 139,retired,none,desktop
chrome,140,2025-09-02,Blink,Blink 140,retired,none,desktop
chrome,141,2025-09-30,Blink,Blink 141,retired,none,desktop
chrome,142,2025-10-28,Blink,Blink 142,retired,none,desktop
chrome,143,2025-12-02,Blink,Blink 143,retired,none,desktop
chrome,144,2026-01-13,Blink,Blink 144,retired,none,desktop
chrome,145,2026-02-10,Blink,Blink 145,retired,none,desktop
chrome,146,2026-03-10,Blink,Blink 146,retired,none,desktop
chrome,147,2026-04-07,Blink,Blink 147,retired,none,desktop
chrome,148,2026-05-05,Blink,Blink 148,retired,none,desktop
chrome,149,2026-06-02,Blink,Blink 149,retired,none,desktop
chrome,150,2026-06-30,Blink,Blink 150,retired,none,desktop
chrome,151,2026-07-28,Blink,Blink 151,retired,none,desktop
chrome,152,2026-08-25,Blink,Blink 152,retired,none,desktop
chrome,153,2026-09-08,Blink,Blink 153,retired,none,desktop
chrome,154,2026-09-22,Blink,Blink 154,current,none,desktop
chrome,155,2026-10-06,Blink,Blink 155,beta,none,desktop
chrome,156,2026-10-20,Blink,Blink 156,nightly,none,desktop
chrome_android,18,2012-06-27,WebKit,WebKit 535.19,retired,chrome,mobile
chrome_android,25,2013-02-27,WebKit,WebKit 537.22,retired,chrome,mobile
chrome_android,26,2013-04-03,WebKit,WebKit 537.31,retired,chrome,mobile
chrome_android,27,2013-05-22,WebKit,WebKit 537.36,retired,chrome,mobile
chrome_android,28,2013-07-10,Blink,Blink 28,retired,chrome,mobile
chrome_android,29,2013-08-21,Blink,Blink 29,retired,chrome,mobile
chrome_android,30,2013-10-02,Blink,Blink 30,retired,chrome,mobile
chrome_android,31,2013-11-14,Blink,Blink 31,retired,chrome,mobile
chrome_android,32,2014-01-15,Blink,Blink 32,retired,chrome,mobile
chrome_android,33,2014-02-26,Blink,Blink 33,retired,chrome,mobile
chrome_android,34,2014-04-02,Blink,Blink 34,retired,chrome,mobile
chrome_android,35,2014-05-20,Blink,Blink 35,retired,chrome,mobile
chrome_android,36,2014-07-16,Blink,Blink 36,retired,chrome,mobile
chrome_android,37,2014-09-03,Blink,Blink 37,retired,chrome,mobile
chrome_android,38,2014-10-08,Blink,Blink 38,retired,chrome,mobile
chrome_android,39,2014-11-12,Blink,Blink 39,retired,chrome,mobile
chrome_android,40,2015-01-21,Blink,Blink 40,retired,chrome,mobile
chrome_android,41,2015-03-11,Blink,Blink 41,retired,chrome,mobile
chrome_android,42,2015-04-15,Blink,Blink 42,retired,chrome,mobile
chrome_android,43,2015-05-27,Blink,Blink 43,retired,chrome,mobile
chrome_android,44,2015-07-29,Blink,Blink 44,retired,chrome,mobile
chrome_android,45,2015-09-01,Blink,Blink 45,retired,chrome,mobile
chrome_android,46,2015-10-14,Blink,Blink 46,retired,chrome,mobile
chrome_android,47,2015-12-02,Blink,Blink 47,retired,chrome,mobile
chrome_android,48,2016-01-26,Blink,Blink 48,retired,chrome,mobile
chrome_android,49,2016-03-09,Blink,Blink 49,retired,chrome,mobile
chrome_android,50,2016-04-13,Blink,Blink 50,retired,chrome,mobile
chrome_android,51,2016-06-08,Blink,Blink 51,retired,chrome,mobile
chrome_android,52,2016-07-27,Blink,Blink 52,retired,chrome,mobile
chrome_android,53,2016-09-07,Blink,Blink 53,retired,chrome,mobile
chrome_android,54,2016-10-19,Blink,Blink 54,retired,chrome,mobile
chrome_android,55,2016-12-06,Blink,Blink 55,retired,chrome,mobile
chrome_android,56,2017-02-01,Blink,Blink 56,retired,chrome,mobile
chrome_android,57,2017-03-16,Blink,Blink 57,retired,chrome,mobile
chrome_android,58,2017-04-25,Blink,Blink 58,retired,chrome,mobile
chrome_android,59,2017-06-06,Blink,Blink 59,retired,chrome,mobile
chrome_android,60,2017-08-01,Blink,Blink 60,retired,chrome,mobile
chrome_android,61,2017-09-05,Blink,Blink 61,retired,chrome,mobile
chrome_android,62,2017-10-24,Blink,Blink 62,retired,chrome,mobile
chrome_android,63,2017-12-05,Blink,Blink 63,retired,chrome,mobile
chrome_android,64,2018-01-23,Blink,Blink 64,retired,chrome,mobile
chrome_android,65,2018-03-06,Blink,Blink 65,retired,chrome,mobile
chrome_android,66,2018-04-17,Blink,Blink 66,retired,chrome,mobile
chrome_android,67,2018-05-31,Blink,Blink 67,retired,chrome,mobile
chrome_android,68,2018-07-24,Blink,Blink 68,retired,chrome,mobile
chrome_android,69,2018-09-04,Blink,Blink 69,retired,chrome,mobile
chrome_android,70,2018-10-17,Blink,Blink 70,retired,chrome,mobile
chrome_android,71,2018-12-04,Blink,Blink 71,retired,chrome,mobile
chrome_android,72,2019-01-29,Blink,Blink 72,retired,chrome,mobile
chrome_android,73,2019-03-12,Blink,Blink 73,retired,chrome,mobile
chrome_android,74,2019-04-24,Blink,Blink 74,retired,chrome,mobile
chrome_android,75,2019-06-04,Blink,Blink 75,retired,chrome,mobile
chrome_android,76,2019-07-30,Blink,Blink 76,retired,chrome,mobile
chrome_android,77,2019-09-10,Blink,Blink 77,retired,chrome,mobile
chrome_android,78,2019-10-22,Blink,Blink 78,retired,chrome,mobile
chrome_android,79,2019-12-17,Blink,Blink 79,retired,chrome,mobile
chrome_android,80,2020-02-04,Blink,Blink 80,retired,chrome,mobile
chrome_android,81,2020-04-07,Blink,Blink 81,retired,chrome,mobile
chrome_android,83,2020-05-19,Blink,Blink 83,retired,chrome,mobile
chrome_android,84,2020-07-27,Blink,Blink 84,retired,chrome,mobile
chrome_android,85,2020-08-25,Blink,Blink 85,retired,chrome,mobile
chrome_android,86,2020-10-20,Blink,Blink 86,retired,chrome,mobile
chrome_android,87,2020-11-17,Blink,Blink 87,retired,chrome,mobile
chrome_android,88,2021-01-19,Blink,Blink 88,retired,chrome,mobile
chrome_android,89,2021-03-02,Blink,Blink 89,retired,chrome,mobile
chrome_android,90,2021-04-13,Blink,Blink 90,retired,chrome,mobile
chrome_android,91,2021-05-25,Blink,Blink 91,retired,chrome,mobile
chrome_android,92,2021-07-20,Blink,Blink 92,retired,chrome,mobile
chrome_android,93,2021-08-31,Blink,Blink 93,retired,chrome,mobile
chrome_android,94,2021-09-21,Blink,Blink 94,retired,chrome,mobile
chrome_android,95,2021-10-19,Blink,Blink 95,retired,chrome,mobile
chrome_android,96,2021-11-15,Blink,Blink 96,retired,chrome,mobile
chrome_android,97,2022-01-04,Blink,Blink 97,retired,chrome,mobile
chrome_android,98,2022-02-01,Blink,Blink 98,retired,chrome,mobile
chrome_android,99,2022-03-01,Blink,Blink 99,retired,chrome,mobile
chrome_android,100,2022-03-29,Blink,Blink 100,retired,chrome,mobile
chrome_android,101,2022-04-26,Blink,Blink 101,retired,chrome,mobile
chrome_android,102,2022-05-24,Blink,Blink 102,retired,chrome,mobile
chrome_android,103,2022-06-21,Blink,Blink 103,retired,chrome,mobile
chrome_android,104,2022-08-02,Blink,Blink 104,retired,chrome,mobile
chrome_android,105,2022-09-02,Blink,Blink 105,retired,chrome,mobile
chrome_android,106,2022-09-27,Blink,Blink 106,retired,chrome,mobile
chrome_android,107,2022-10-25,Blink,Blink 107,retired,chrome,mobile
chrome_android,108,2022-11-29,Blink,Blink 108,retired,chrome,mobile
chrome_android,109,2023-01-10,Blink,Blink 109,retired,chrome,mobile
chrome_android,110,2023-02-07,Blink,Blink 110,retired,chrome,mobile
chrome_android,111,2023-03-07,Blink,Blink 111,retired,chrome,mobile
chrome_android,112,2023-04-04,Blink,Blink 112,retired,chrome,mobile
chrome_android,113,2023-05-02,Blink,Blink 113,retired,chrome,mobile
chrome_android,114,2023-05-30,Blink,Blink 114,retired,chrome,mobile
chrome_android,115,2023-07-21,Blink,Blink 115,retired,chrome,mobile
chrome_android,116,2023-08-15,Blink,Blink 116,retired,chrome,mobile
chrome_android,117,2023-09-12,Blink,Blink 117,retired,chrome,mobile
chrome_android,118,2023-10-10,Blink,Blink 118,retired,chrome,mobile
chrome_android,119,2023-10-31,Blink,Blink 119,retired,chrome,mobile
chrome_android,120,2023-12-05,Blink,Blink 120,retired,chrome,mobile
chrome_android,121,2024-01-23,Blink,Blink 121,retired,chrome,mobile
chrome_android,122,2024-02-20,Blink,Blink 122,retired,chrome,mobile
chrome_android,123,2024-03-19,Blink,Blink 123,retired,chrome,mobile
chrome_android,124,2024-04-16,Blink,Blink 124,retired,chrome,mobile
chrome_android,125,2024-05-14,Blink,Blink 125,retired,chrome,mobile
chrome_android,126,2024-06-11,Blink,Blink 126,retired,chrome,mobile
chrome_android,127,2024-07-23,Blink,Blink 127,retired,chrome,mobile
chrome_android,128,2024-08-20,Blink,Blink 128,retired,chrome,mobile
chrome_android,129,2024-09-17,Blink,Blink 129,retired,chrome,mobile
chrome_android,130,2024-10-15,Blink,Blink 130,retired,chrome,mobile
chrome_android,131,2024-11-12,Blink,Blink 131,retired,chrome,mobile
chrome_android,132,2025-01-14,Blink,Blink 132,retired,chrome,mobile
chrome_android,133,2025-02-04,Blink,Blink 133,retired,chrome,mobile
chrome_android,134,2025-03-04,Blink,Blink 134,retired,chrome,mobile
chrome_android,135,2025-04-01,Blink,Blink 135,retired,chrome,mobile
chrome_android,136,2025-04-29,Blink,Blink 136,retired,chrome,mobile
chrome_android,137,2025-05-27,Blink,Blink 137,retired,chrome,mobile
chrome_android,138,2025-06-24,Blink,Blink 138,retired,chrome,mobile
chrome_android,139,2025-08-05,Blink,Blink 139,retired,chrome,mobile
chrome_android,140,2025-09-02,Blink,Blink 140,retired,chrome,mobile
chrome_android,141,2025-09-30,Blink,Blink 141,retired,chrome,mobile
chrome_android,142,2025-10-28,Blink,Blink 142,retired,chrome,mobile
chrome_android,143,2025-12-02,Blink,Blink 143,retired,chrome,mobile
chrome_android,144,2026-01-13,Blink,Blink 144,retired,chrome,mobile
chrome_android,145,2026-02-10,Blink,Blink 145,retired,chrome,mobile
chrome_android,146,2026-03-10,Blink,Blink 146,retired,chrome,mobile
chrome_android,147,2026-04-07,Blink,Blink 147,retired,chrome,mobile
chrome_android,148,2026-05-05,Blink,Blink 148,retired,chrome,mobile
chrome_android,149,2026-06-02,Blink,Blink 149,retired,chrome,mobile
chrome_android,150,2026-06-30,Blink,Blink 150,retired,chrome,mobile
chrome_android,151,2026-07-28,Blink,Blink 151,retired,chrome,mobile
chrome_android,152,2026-08-25,Blink,Blink 152,retired,chrome,mobile
chrome_android,153,2026-09-08,Blink,Blink 153,retired,chrome,mobile
chrome_android,154,2026-09-22,Blink,Blink 154,current,chrome,mobile
chrome_android,155,2026-10-06,Blink,Blink 155,beta,chrome,mobile
chrome_android,156,2026-10-20,Blink,Blink 156,nightly,chrome,mobile
edge,12,2015-07-29,EdgeHTML,EdgeHTML 12,retired,chrome,desktop
edge,13,2015-11-12,EdgeHTML,EdgeHTML 13,retired,chrome,desktop
edge,14,2016-08-02,EdgeHTML,EdgeHTML 14,retired,chrome,desktop
edge,15,2017-04-05,EdgeHTML,EdgeHTML 15,retired,chrome,desktop
edge,16,2017-10-17,EdgeHTML,EdgeHTML 16,retired,chrome,desktop
edge,17,2018-04-30,EdgeHTML,EdgeHTML 17,retired,chrome,desktop
edge,18,2018-10-02,EdgeHTML,EdgeHTML 18,retired,chrome,desktop
edge,79,2020-01-15,Blink,Blink 79,retired,chrome,desktop
edge,80,2020-02-07,Blink,Blink 80,retired,chrome,desktop
edge,81,2020-04-13,Blink,Blink 81,retired,chrome,desktop
edge,83,2020-05-21,Blink,Blink 83,retired,chrome,desktop
edge,84,2020-07-16,Blink,Blink 84,retired,chrome,desktop
edge,85,2020-08-27,Blink,Blink 85,retired,chrome,desktop
edge,86,2020-10-09,Blink,Blink 86,retired,chrome,desktop
edge,87,2020-11-19,Blink,Blink 87,retired,chrome,desktop
edge,88,2021-01-21,Blink,Blink 88,retired,chrome,desktop
edge,89,2021-03-04,Blink,Blink 89,retired,chrome,desktop
edge,90,2021-04-15,Blink,Blink 90,retired,chrome,desktop
edge,91,2021-05-27,Blink,Blink 91,retired,chrome,desktop
edge,92,2021-07-22,Blink,Blink 92,retired,chrome,desktop
edge,93,2021-09-02,Blink,Blink 93,retired,chrome,desktop
edge,94,2021-09-24,Blink,Blink 94,retired,chrome,desktop
edge,95,2021-10-21,Blink,Blink 95,retired,chrome,desktop
edge,96,2021-11-19,Blink,Blink 96,retired,chrome,desktop
edge,97,2022-01-06,Blink,Blink 97,retired,chrome,desktop
edge,98,2022-02-03,Blink,Blink 98,retired,chrome,desktop
edge,99,2022-03-03,Blink,Blink 99,retired,chrome,desktop
edge,100,2022-04-01,Blink,Blink 100,retired,chrome,desktop
edge,101,2022-04-28,Blink,Blink 101,retired,chrome,desktop
edge,102,2022-05-31,Blink,Blink 102,retired,chrome,desktop
edge,103,2022-06-23,Blink,Blink 103,retired,chrome,desktop
edge,104,2022-08-05,Blink,Blink 104,retired,chrome,desktop
edge,105,2022-09-01,Blink,Blink 105,retired,chrome,desktop
edge,106,2022-10-03,Blink,Blink 106,retired,chrome,desktop
edge,107,2022-10-27,Blink,Blink 107,retired,chrome,desktop
edge,108,2022-12-05,Blink,Blink 108,retired,chrome,desktop
edge,109,2023-01-12,Blink,Blink 109,retired,chrome,desktop
edge,110,2023-02-09,Blink,Blink 110,retired,chrome,desktop
edge,111,2023-03-13,Blink,Blink 111,retired,chrome,desktop
edge,112,2023-04-06,Blink,Blink 112,retired,chrome,desktop
edge,113,2023-05-05,Blink,Blink 113,retired,chrome,desktop
edge,114,2023-06-02,Blink,Blink 114,retired,chrome,desktop
edge,115,2023-07-21,Blink,Blink 115,retired,chrome,desktop
edge,116,2023-08-21,Blink,Blink 116,retired,chrome,desktop
edge,117,2023-09-15,Blink,Blink 117,retired,chrome,desktop
edge,118,2023-10-13,Blink,Blink 118,retired,chrome,desktop
edge,119,2023-11-02,Blink,Blink 119,retired,chrome,desktop
edge,120,2023-12-07,Blink,Blink 120,retired,chrome,desktop
edge,121,2024-01-25,Blink,Blink 121,retired,chrome,desktop
edge,122,2024-02-23,Blink,Blink 122,retired,chrome,desktop
edge,123,2024-03-22,Blink,Blink 123,retired,chrome,desktop
edge,124,2024-04-18,Blink,Blink 124,retired,chrome,desktop
edge,125,2024-05-17,Blink,Blink 125,retired,chrome,desktop
edge,126,2024-06-13,Blink,Blink 126,retired,chrome,desktop
edge,127,2024-07-25,Blink,Blink 127,retired,chrome,desktop
edge,128,2024-08-22,Blink,Blink 128,retired,chrome,desktop
edge,129,2024-09-19,Blink,Blink 129,retired,chrome,desktop
edge,130,2024-10-17,Blink,Blink 130,retired,chrome,desktop
edge,131,2024-11-14,Blink,Blink 131,retired,chrome,desktop
edge,132,2025-01-17,Blink,Blink 132,retired,chrome,desktop
edge,133,2025-02-06,Blink,Blink 133,retired,chrome,desktop
edge,134,2025-03-06,Blink,Blink 134,retired,chrome,desktop
edge,135,2025-04-04,Blink,Blink 135,retired,chrome,desktop
edge,136,2025-05-01,Blink,Blink 136,retired,chrome,desktop
edge,137,2025-05-29,Blink,Blink 137,retired,chrome,desktop
edge,138,2025-06-26,Blink,Blink 138,retired,chrome,desktop
edge,139,2025-08-07,Blink,Blink 139,retired,chrome,desktop
edge,140,2025-09-05,Blink,Blink 140,retired,chrome,desktop
edge,141,2025-10-03,Blink,Blink 141,retired,chrome,desktop
edge,142,2025-10-31,Blink,Blink 142,retired,chrome,desktop
edge,143,2025-12-05,Blink,Blink 143,retired,chrome,desktop
edge,144,2026-01-21,Blink,Blink 144,retired,chrome,desktop
edge,145,2026-02-14,Blink,Blink 145,retired,chrome,desktop
edge,146,2026-03-13,Blink,Blink 146,retired,chrome,desktop
edge,147,2026-04-10,Blink,Blink 147,retired,chrome,desktop
edge,148,2026-05-07,Blink,Blink 148,retired,chrome,desktop
edge,149,2026-06-04,Blink,Blink 149,retired,chrome,desktop
edge,150,2026-07-02,Blink,Blink 150,retired,chrome,desktop
edge,151,2026-07-31,Blink,Blink 151,retired,chrome,desktop
edge,152,2026-08-28,Blink,Blink 152,retired,chrome,desktop
edge,153,2026-09-11,Blink,Blink 153,current,chrome,desktop
edge,154,2026-09-24,Blink,Blink 154,beta,chrome,desktop
edge,155,2026-10-08,Blink,Blink 155,nightly,chrome,desktop
edge,156,2026-10-22,Blink,Blink 156,planned,chrome,desktop
firefox,1,2004-11-09,Gecko,Gecko 1.7,retired,none,desktop
firefox,1.5,2005-11-29,Gecko,Gecko 1.8,retired,none,desktop
firefox,2,2006-10-24,Gecko,Gecko 1.8.1,retired,none,desktop
firefox,3,2008-06-17,Gecko,Gecko 1.9,retired,none,desktop
firefox,3.5,2009-06-30,Gecko,Gecko 1.9.1,retired,none,desktop
firefox,3.6,2010-01-21,Gecko,Gecko 1.9.2,retired,none,desktop
firefox,4,2011-03-22,Gecko,Gecko 2,retired,none,desktop
firefox,5,2011-06-21,Gecko,Gecko 5,retired,none,desktop
firefox,6,2011-08-16,Gecko,Gecko 6,retired,none,desktop
firefox,7,2011-09-27,Gecko,Gecko 7,retired,none,desktop
firefox,8,2011-11-08,Gecko,Gecko 8,retired,none,desktop
firefox,9,2011-12-20,Gecko,Gecko 9,retired,none,desktop
firefox,10,2012-01-31,Gecko,Gecko 10,retired,none,desktop
firefox,11,2012-03-13,Gecko,Gecko 11,retired,none,desktop
firefox,12,2012-04-24,Gecko,Gecko 12,retired,none,desktop
firefox,13,2012-06-05,Gecko,Gecko 13,retired,none,desktop
firefox,14,2012-07-17,Gecko,Gecko 14,retired,none,desktop
firefox,15,2012-08-28,Gecko,Gecko 15,retired,none,desktop
firefox,16,2012-10-09,Gecko,Gecko 16,retired,none,desktop
firefox,17,2012-11-20,Gecko,Gecko 17,retired,none,desktop
firefox,18,2013-01-08,Gecko,Gecko 18,retired,none,desktop
firefox,19,2013-02-19,Gecko,Gecko 19,retired,none,desktop
firefox,20,2013-04-02,Gecko,Gecko 20,retired,none,desktop
firefox,21,2013-05-14,Gecko,Gecko 21,retired,none,desktop
firefox,22,2013-06-25,Gecko,Gecko 22,retired,none,desktop
firefox,23,2013-08-06,Gecko,Gecko 23,retired,none,desktop
firefox,24,2013-09-17,Gecko,Gecko 24,retired,none,desktop
firefox,25,2013-10-29,Gecko,Gecko 25,retired,none,desktop
firefox,26,2013-12-10,Gecko,Gecko 26,retired,none,desktop
firefox,27,2014-02-04,Gecko,Gecko 27,retired,none,desktop
firefox,28,2014-03-18,Gecko,Gecko 28,retired,none,desktop
firefox,29,2014-04-29,Gecko,Gecko 29,retired,none,desktop
firefox,30,2014-06-10,Gecko,Gecko 30,retired,none,desktop
firefox,31,2014-07-22,Gecko,Gecko 31,retired,none,desktop
firefox,32,2014-09-02,Gecko,Gecko 32,retired,none,desktop
firefox,33,2014-10-14,Gecko,Gecko 33,retired,none,desktop
firefox,34,2014-12-01,Gecko,Gecko 34,retired,none,desktop
firefox,35,2015-01-13,Gecko,Gecko 35,retired,none,desktop
firefox,36,2015-02-24,Gecko,Gecko 36,retired,none,desktop
firefox,37,2015-03-31,Gecko,Gecko 37,retired,none,desktop
firefox,38,2015-05-12,Gecko,Gecko 38,retired,none,desktop
firefox,39,2015-07-02,Gecko,Gecko 39,retired,none,desktop
firefox,40,2015-08-11,Gecko,Gecko 40,retired,none,desktop
firefox,41,2015-09-22,Gecko,Gecko 41,retired,none,desktop
firefox,42,2015-11-03,Gecko,Gecko 42,retired,none,desktop
firefox,43,2015-12-15,Gecko,Gecko 43,retired,none,desktop
firefox,44,2016-01-26,Gecko,Gecko 44,retired,none,desktop
firefox,45,2016-03-08,Gecko,Gecko 45,retired,none,desktop
firefox,46,2016-04-26,Gecko,Gecko 46,retired,none,desktop
firefox,47,2016-06-07,Gecko,Gecko 47,retired,none,desktop
firefox,48,2016-08-02,Gecko,Gecko 48,retired,none,desktop
firefox,49,2016-09-20,Gecko,Gecko 49,retired,none,desktop
firefox,50,2016-11-15,Gecko,Gecko 50,retired,none,desktop
firefox,51,2017-01-24,Gecko,Gecko 51,retired,none,desktop
firefox,52,2017-03-07,Gecko,Gecko 52,retired,none,desktop
firefox,53,2017-04-19,Gecko,Gecko 53,retired,none,desktop
firefox,54,2017-06-13,Gecko,Gecko 54,retired,none,desktop
firefox,55,2017-08-08,Gecko,Gecko 55,retired,none,desktop
firefox,56,2017-09-28,Gecko,Gecko 56,retired,none,desktop
firefox,57,2017-11-14,Gecko,Gecko 57,retired,none,desktop
firefox,58,2018-01-23,Gecko,Gecko 58,retired,none,desktop
firefox,59,2018-03-13,Gecko,Gecko 59,retired,none,desktop
firefox,60,2018-05-09,Gecko,Gecko 60,retired,none,desktop
firefox,61,2018-06-26,Gecko,Gecko 61,retired,none,desktop
firefox,62,2018-09-05,Gecko,Gecko 62,retired,none,desktop
firefox,63,2018-10-23,Gecko,Gecko 63,retired,none,desktop
firefox,64,2018-12-11,Gecko,Gecko 64,retired,none,desktop
firefox,65,2019-01-29,Gecko,Gecko 65,retired,none,desktop
firefox,66,2019-03-19,Gecko,Gecko 66,retired,none,desktop
firefox,67,2019-05-21,Gecko,Gecko 67,retired,none,desktop
firefox,68,2019-07-09,Gecko,Gecko 68,retired,none,desktop
firefox,69,2019-09-03,Gecko,Gecko 69,retired,none,desktop
firefox,70,2019-10-22,Gecko,Gecko 70,retired,none,desktop
firefox,71,2019-12-10,Gecko,Gecko 71,retired,none,desktop
firefox,72,2020-01-07,Gecko,Gecko 72,retired,none,desktop
firefox,73,2020-02-11,Gecko,Gecko 73,retired,none,desktop
firefox,74,2020-03-10,Gecko,Gecko 74,retired,none,desktop
firefox,75,2020-04-07,Gecko,Gecko 75,retired,none,desktop
firefox,76,2020-05-05,Gecko,Gecko 76,retired,none,desktop
firefox,77,2020-06-02,Gecko,Gecko 77,retired,none,desktop
firefox,78,2020-06-30,Gecko,Gecko 78,retired,none,desktop
firefox,79,2020-07-28,Gecko,Gecko 79,retired,none,desktop
firefox,80,2020-08-25,Gecko,Gecko 80,retired,none,desktop
firefox,81,2020-09-22,Gecko,Gecko 81,retired,none,desktop
firefox,82,2020-10-20,Gecko,Gecko 82,retired,none,desktop
firefox,83,2020-11-17,Gecko,Gecko 83,retired,none,desktop
firefox,84,2020-12-15,Gecko,Gecko 84,retired,none,desktop
firefox,85,2021-01-26,Gecko,Gecko 85,retired,none,desktop
firefox,86,2021-02-23,Gecko,Gecko 86,retired,none,desktop
firefox,87,2021-03-23,Gecko,Gecko 87,retired,none,desktop
firefox,88,2021-04-19,Gecko,Gecko 88,retired,none,desktop
firefox,89,2021-06-01,Gecko,Gecko 89,retired,none,desktop
firefox,90,2021-07-13,Gecko,Gecko 90,retired,none,desktop
firefox,91,2021-08-10,Gecko,Gecko 91,retired,none,desktop
firefox,92,2021-09-07,Gecko,Gecko 92,retired,none,desktop
firefox,93,2021-10-05,Gecko,Gecko 93,retired,none,desktop
firefox,94,2021-11-02,Gecko,Gecko 94,retired,none,desktop
firefox,95,2021-12-07,Gecko,Gecko 95,retired,none,desktop
firefox,96,2022-01-11,Gecko,Gecko 96,retired,none,desktop
firefox,97,2022-02-08,Gecko,Gecko 97,retired,none,desktop
firefox,98,2022-03-08,Gecko,Gecko 98,retired,none,desktop
firefox,99,2022-04-05,Gecko,Gecko 99,retired,none,desktop
firefox,100,2022-05-03,Gecko,Gecko 100,retired,none,desktop
firefox,101,2022-05-31,Gecko,Gecko 101,retired,none,desktop
firefox,102,2022-06-28,Gecko,Gecko 102,retired,none,desktop
firefox,103,2022-07-26,Gecko,Gecko 103,retired,none,desktop
firefox,104,2022-08-23,Gecko,Gecko 104,retired,none,desktop
firefox,105,2022-09-20,Gecko,Gecko 105,retired,none,desktop
firefox,106,2022-10-18,Gecko,Gecko 106,retired,none,desktop
firefox,107,2022-11-15,Gecko,Gecko 107,retired,none,desktop
firefox,108,2022-12-13,Gecko,Gecko 108,retired,none,desktop
firefox,109,2023-01-17,Gecko,Gecko 109,retired,none,desktop
firefox,110,2023-02-14,Gecko,Gecko 110,retired,none,desktop
firefox,111,2023-03-14,Gecko,Gecko 111,retired,none,desktop
firefox,112,2023-04-11,Gecko,Gecko 112,retired,none,desktop
firefox,113,2023-05-09,Gecko,Gecko 113,retired,none,desktop
firefox,114,2023-06-06,Gecko,Gecko 114,retired,none,desktop
firefox,115,2023-07-04,Gecko,Gecko 115,retired,none,desktop
firefox,116,2023-08-01,Gecko,Gecko 116,retired,none,desktop
firefox,117,2023-08-29,Gecko,Gecko 117,retired,none,desktop
firefox,118,2023-09-26,Gecko,Gecko 118,retired,none,desktop
firefox,119,2023-10-24,Gecko,Gecko 119,retired,none,desktop
firefox,120,2023-11-21,Gecko,Gecko 120,retired,none,desktop
firefox,121,2023-12-19,Gecko,Gecko 121,retired,none,desktop
firefox,122,2024-01-23,Gecko,Gecko 122,retired,none,desktop
firefox,123,2024-02-20,Gecko,Gecko 123,retired,none,desktop
firefox,124,2024-03-19,Gecko,Gecko 124,retired,none,desktop
firefox,125,2024-04-16,Gecko,Gecko 125,retired,none,desktop
firefox,126,2024-05-14,Gecko,Gecko 126,retired,none,desktop
firefox,127,2024-06-11,Gecko,Gecko 127,retired,none,desktop
firefox,128,2024-07-09,Gecko,Gecko 128,retired,none,desktop
firefox,129,2024-08-06,Gecko,Gecko 129,retired,none,desktop
firefox,130,2024-09-03,Gecko,Gecko 130,retired,none,desktop
firefox,131,2024-10-01,Gecko,Gecko 131,retired,none,desktop
firefox,132,2024-10-29,Gecko,Gecko 132,retired,none,desktop
firefox,133,2024-11-26,Gecko,Gecko 133,retired,none,desktop
firefox,134,2025-01-07,Gecko,Gecko 134,retired,none,desktop
firefox,135,2025-02-04,Gecko,Gecko 135,retired,none,desktop
firefox,136,2025-03-04,Gecko,Gecko 136,retired,none,desktop
firefox,137,2025-04-01,Gecko,Gecko 137,retired,none,desktop
firefox,138,2025-04-29,Gecko,Gecko 138,retired,none,desktop
firefox,139,2025-05-27,Gecko,Gecko 139,retired,none,desktop
firefox,140,2025-06-24,Gecko,Gecko 140,retired,none,desktop
firefox,141,2025-07-22,Gecko,Gecko 141,retired,none,desktop
firefox,142,2025-08-19,Gecko,Gecko 142,retired,none,desktop
firefox,143,2025-09-16,Gecko,Gecko 143,retired,none,desktop
firefox,144,2025-10-14,Gecko,Gecko 144,retired,none,desktop
firefox,145,2025-11-11,Gecko,Gecko 145,retired,none,desktop
firefox,146,2025-12-09,Gecko,Gecko 146,retired,none,desktop
firefox,147,2026-01-13,Gecko,Gecko 147,retired,none,desktop
firefox,148,2026-02-24,Gecko,Gecko 148,retired,none,desktop
firefox,149,2026-03-24,Gecko,Gecko 149,retired,none,desktop
firefox,150,2026-04-21,Gecko,Gecko 150,retired,none,desktop
firefox,151,2026-05-19,Gecko,Gecko 151,retired,none,desktop
firefox,152,2026-06-16,Gecko,Gecko 152,retired,none,desktop
firefox,153,2026-07-21,Gecko,Gecko 153,esr,none,desktop
firefox,154,2026-08-18,Gecko,Gecko 154,retired,none,desktop
firefox,155,2026-09-01,Gecko,Gecko 155,retired,none,desktop
firefox,156,2026-09-15,Gecko,Gecko 156,current,none,desktop
firefox,157,2026-09-29,Gecko,Gecko 157,beta,none,desktop
firefox,158,2026-10-13,Gecko,Gecko 158,nightly,none,desktop
firefox,159,2026-10-27,Gecko,Gecko 159,planned,none,desktop
firefox_android,4,2011-03-29,Gecko,Gecko 2,retired,firefox,mobile
firefox_android,5,2011-06-21,Gecko,Gecko 5,retired,firefox,mobile
firefox_android,6,2011-08-16,Gecko,Gecko 6,retired,firefox,mobile
firefox_android,7,2011-09-27,Gecko,Gecko 7,retired,firefox,mobile
firefox_android,8,2011-11-08,Gecko,Gecko 8,retired,firefox,mobile
firefox_android,9,2011-12-21,Gecko,Gecko 9,retired,firefox,mobile
firefox_android,10,2012-01-31,Gecko,Gecko 10,retired,firefox,mobile
firefox_android,14,2012-06-26,Gecko,Gecko 14,retired,firefox,mobile
firefox_android,15,2012-08-28,Gecko,Gecko 15,retired,firefox,mobile
firefox_android,16,2012-10-09,Gecko,Gecko 16,retired,firefox,mobile
firefox_android,17,2012-11-20,Gecko,Gecko 17,retired,firefox,mobile
firefox_android,18,2013-01-08,Gecko,Gecko 18,retired,firefox,mobile
firefox_android,19,2013-02-19,Gecko,Gecko 19,retired,firefox,mobile
firefox_android,20,2013-04-02,Gecko,Gecko 20,retired,firefox,mobile
firefox_android,21,2013-05-14,Gecko,Gecko 21,retired,firefox,mobile
firefox_android,22,2013-06-25,Gecko,Gecko 22,retired,firefox,mobile
firefox_android,23,2013-08-06,Gecko,Gecko 23,retired,firefox,mobile
firefox_android,24,2013-09-17,Gecko,Gecko 24,retired,firefox,mobile
firefox_android,25,2013-10-29,Gecko,Gecko 25,retired,firefox,mobile
firefox_android,26,2013-12-10,Gecko,Gecko 26,retired,firefox,mobile
firefox_android,27,2014-02-04,Gecko,Gecko 27,retired,firefox,mobile
firefox_android,28,2014-03-18,Gecko,Gecko 28,retired,firefox,mobile
firefox_android,29,2014-04-29,Gecko,Gecko 29,retired,firefox,mobile
firefox_android,30,2014-06-10,Gecko,Gecko 30,retired,firefox,mobile
firefox_android,31,2014-07-22,Gecko,Gecko 31,retired,firefox,mobile
firefox_android,32,2014-09-02,Gecko,Gecko 32,retired,firefox,mobile
firefox_android,33,2014-10-14,Gecko,Gecko 33,retired,firefox,mobile
firefox_android,34,2014-12-01,Gecko,Gecko 34,retired,firefox,mobile
firefox_android,35,2015-01-13,Gecko,Gecko 35,retired,firefox,mobile
firefox_android,36,2015-02-27,Gecko,Gecko 36,retired,firefox,mobile
firefox_android,37,2015-03-31,Gecko,Gecko 37,retired,firefox,mobile
firefox_android,38,2015-05-12,Gecko,Gecko 38,retired,firefox,mobile
firefox_android,39,2015-07-02,Gecko,Gecko 39,retired,firefox,mobile
firefox_android,40,2015-08-11,Gecko,Gecko 40,retired,firefox,mobile
firefox_android,41,2015-09-22,Gecko,Gecko 41,retired,firefox,mobile
firefox_android,42,2015-11-03,Gecko,Gecko 42,retired,firefox,mobile
firefox_android,43,2015-12-15,Gecko,Gecko 43,retired,firefox,mobile
firefox_android,44,2016-01-26,Gecko,Gecko 44,retired,firefox,mobile
firefox_android,45,2016-03-08,Gecko,Gecko 45,retired,firefox,mobile
firefox_android,46,2016-04-26,Gecko,Gecko 46,retired,firefox,mobile
firefox_android,47,2016-06-07,Gecko,Gecko 47,retired,firefox,mobile
firefox_android,48,2016-08-02,Gecko,Gecko 48,retired,firefox,mobile
firefox_android,49,2016-09-20,Gecko,Gecko 49,retired,firefox,mobile
firefox_android,50,2016-11-15,Gecko,Gecko 50,retired,firefox,mobile
firefox_android,51,2017-01-24,Gecko,Gecko 51,retired,firefox,mobile
firefox_android,52,2017-03-07,Gecko,Gecko 52,retired,firefox,mobile
firefox_android,53,2017-04-19,Gecko,Gecko 53,retired,firefox,mobile
firefox_android,54,2017-06-13,Gecko,Gecko 54,retired,firefox,mobile
firefox_android,55,2017-08-08,Gecko,Gecko 55,retired,firefox,mobile
firefox_android,56,2017-09-28,Gecko,Gecko 56,retired,firefox,mobile
firefox_android,57,2017-11-28,Gecko,Gecko 57,retired,firefox,mobile
firefox_android,58,2018-01-22,Gecko,Gecko 58,retired,firefox,mobile
firefox_android,59,2018-03-13,Gecko,Gecko 59,retired,firefox,mobile
firefox_android,60,2018-05-09,Gecko,Gecko 60,retired,firefox,mobile
firefox_android,61,2018-06-26,Gecko,Gecko 61,retired,firefox,mobile
firefox_android,62,2018-09-05,Gecko,Gecko 62,retired,firefox,mobile
firefox_android,63,2018-10-23,Gecko,Gecko 63,retired,firefox,mobile
firefox_android,64,2018-12-11,Gecko,Gecko 64,retired,firefox,mobile
firefox_android,65,2019-01-29,Gecko,Gecko 65,retired,firefox,mobile
firefox_android,66,2019-03-19,Gecko,Gecko 66,retired,firefox,mobile
firefox_android,67,2019-05-21,Gecko,Gecko 67,retired,firefox,mobile
firefox_android,68,2019-07-09,Gecko,Gecko 68,retired,firefox,mobile
firefox_android,79,2020-07-28,Gecko,Gecko 79,retired,firefox,mobile
firefox_android,80,2020-08-31,Gecko,Gecko 80,retired,firefox,mobile
firefox_android,81,2020-09-22,Gecko,Gecko 81,retired,firefox,mobile
firefox_android,82,2020-10-20,Gecko,Gecko 82,retired,firefox,mobile
firefox_android,83,2020-11-17,Gecko,Gecko 83,retired,firefox,mobile
firefox_android,84,2020-12-15,Gecko,Gecko 84,retired,firefox,mobile
firefox_android,85,2021-01-26,Gecko,Gecko 85,retired,firefox,mobile
firefox_android,86,2021-02-23,Gecko,Gecko 86,retired,firefox,mobile
firefox_android,87,2021-03-23,Gecko,Gecko 87,retired,firefox,mobile
firefox_android,88,2021-04-19,Gecko,Gecko 88,retired,firefox,mobile
firefox_android,89,2021-06-01,Gecko,Gecko 89,retired,firefox,mobile
firefox_android,90,2021-07-13,Gecko,Gecko 90,retired,firefox,mobile
firefox_android,91,2021-08-10,Gecko,Gecko 91,retired,firefox,mobile
firefox_android,92,2021-09-07,Gecko,Gecko 92,retired,firefox,mobile
firefox_android,93,2021-10-05,Gecko,Gecko 93,retired,firefox,mobile
firefox_android,94,2021-11-02,Gecko,Gecko 94,retired,firefox,mobile
firefox_android,95,2021-12-07,Gecko,Gecko 95,retired,firefox,mobile
firefox_android,96,2022-01-11,Gecko,Gecko 96,retired,firefox,mobile
firefox_android,97,2022-02-08,Gecko,Gecko 97,retired,firefox,mobile
firefox_android,98,2022-03-08,Gecko,Gecko 98,retired,firefox,mobile
firefox_android,99,2022-04-05,Gecko,Gecko 99,retired,firefox,mobile
firefox_android,100,2022-05-03,Gecko,Gecko 100,retired,firefox,mobile
firefox_android,101,2022-05-31,Gecko,Gecko 101,retired,firefox,mobile
firefox_android,102,2022-06-28,Gecko,Gecko 102,retired,firefox,mobile
firefox_android,103,2022-07-26,Gecko,Gecko 103,retired,firefox,mobile
firefox_android,104,2022-08-23,Gecko,Gecko 104,retired,firefox,mobile
firefox_android,105,2022-09-20,Gecko,Gecko 105,retired,firefox,mobile
firefox_android,106,2022-10-18,Gecko,Gecko 106,retired,firefox,mobile
firefox_android,107,2022-11-15,Gecko,Gecko 107,retired,firefox,mobile
firefox_android,108,2022-12-13,Gecko,Gecko 108,retired,firefox,mobile
firefox_android,109,2023-01-17,Gecko,Gecko 109,retired,firefox,mobile
firefox_android,110,2023-02-14,Gecko,Gecko 110,retired,firefox,mobile
firefox_android,111,2023-03-14,Gecko,Gecko 111,retired,firefox,mobile
firefox_android,112,2023-04-11,Gecko,Gecko 112,retired,firefox,mobile
firefox_android,113,2023-05-09,Gecko,Gecko 113,retired,firefox,mobile
firefox_android,114,2023-06-06,Gecko,Gecko 114,retired,firefox,mobile
firefox_android,115,2023-07-04,Gecko,Gecko 115,retired,firefox,mobile
firefox_android,116,2023-08-01,Gecko,Gecko 116,retired,firefox,mobile
firefox_android,117,2023-08-29,Gecko,Gecko 117,retired,firefox,mobile
firefox_android,118,2023-09-26,Gecko,Gecko 118,retired,firefox,mobile
firefox_android,119,2023-10-24,Gecko,Gecko 119,retired,firefox,mobile
firefox_android,120,2023-11-21,Gecko,Gecko 120,retired,firefox,mobile
firefox_android,121,2023-12-19,Gecko,Gecko 121,retired,firefox,mobile
firefox_android,122,2024-01-23,Gecko,Gecko 122,retired,firefox,mobile
firefox_android,123,2024-02-20,Gecko,Gecko 123,retired,firefox,mobile
firefox_android,124,2024-03-19,Gecko,Gecko 124,retired,firefox,mobile
firefox_android,125,2024-04-16,Gecko,Gecko 125,retired,firefox,mobile
firefox_android,126,2024-05-14,Gecko,Gecko 126,retired,firefox,mobile
firefox_android,127,2024-06-11,Gecko,Gecko 127,retired,firefox,mobile
firefox_android,128,2024-07-09,Gecko,Gecko 128,retired,firefox,mobile
firefox_android,129,2024-08-06,Gecko,Gecko 129,retired,firefox,mobile
firefox_android,130,2024-09-03,Gecko,Gecko 130,retired,firefox,mobile
firefox_android,131,2024-10-01,Gecko,Gecko 131,retired,firefox,mobile
firefox_android,132,2024-10-29,Gecko,Gecko 132,retired,firefox,mobile
firefox_android,133,2024-11-26,Gecko,Gecko 133,retired,firefox,mobile
firefox_android,134,2025-01-07,Gecko,Gecko 134,retired,firefox,mobile
firefox_android,135,2025-02-04,Gecko,Gecko 135,retired,firefox,mobile
firefox_android,136,2025-03-04,Gecko,Gecko 136,retired,firefox,mobile
firefox_android,137,2025-04-01,Gecko,Gecko 137,retired,firefox,mobile
firefox_android,138,2025-04-29,Gecko,Gecko 138,retired,firefox,mobile
firefox_android,139,2025-05-27,Gecko,Gecko 139,retired,firefox,mobile
firefox_android,140,2025-06-24,Gecko,Gecko 140,retired,firefox,mobile
firefox_android,141,2025-07-22,Gecko,Gecko 141,retired,firefox,mobile
firefox_android,142,2025-08-19,Gecko,Gecko 142,retired,firefox,mobile
firefox_android,143,2025-09-16,Gecko,Gecko 143,retired,firefox,mobile
firefox_android,144,2025-10-14,Gecko,Gecko 144,retired,firefox,mobile
firefox_android,145,2025-11-11,Gecko,Gecko 145,retired,firefox,mobile
firefox_android,146,2025-12-09,Gecko,Gecko 146,retired,firefox,mobile
firefox_android,147,2026-01-13,Gecko,Gecko 147,retired,firefox,mobile
firefox_android,148,2026-02-24,Gecko,Gecko 148,retired,firefox,mobile
firefox_android,149,2026-03-24,Gecko,Gecko 149,retired,firefox,mobile
firefox_android,150,2026-04-21,Gecko,Gecko 150,retired,firefox,mobile
firefox_android,151,2026-05-19,Gecko,Gecko 151,retired,firefox,mobile
firefox_android,152,2026-06-16,Gecko,Gecko 152,retired,firefox,mobile
firefox_android,153,2026-07-21,Gecko,Gecko 153,esr,firefox,mobile
firefox_android,154,2026-08-18,Gecko,Gecko 154,retired,firefox,mobile
firefox_android,155,2026-09-01,Gecko,Gecko 155,retired,firefox,mobile
firefox_android,156,2026-09-15,Gecko,Gecko 156,current,firefox,mobile
firefox_android,157,2026-09-29,Gecko,Gecko 157,beta,firefox,mobile
firefox_android,158,2026-10-13,Gecko,Gecko 158,nightly,firefox,mobile
firefox_android,159,2026-10-27,Gecko,Gecko 159,planned,firefox,mobile
oculus,5.0,2018-07-01,Blink,Blink 66,retired,chrome_android,xr
oculus,5.4,2018-11-20,Blink,Blink 66,retired,chrome_android,xr
oculus,6.0,2019-08-12,Blink,Blink 74,retired,chrome_android,xr
oculus,7.0,2019-12-10,Blink,Blink 77,retired,chrome_android,xr
oculus,7.1,2020-01-06,Blink,Blink 77,retired,chrome_android,xr
oculus,8.0,2020-02-10,Blink,Blink 79,retired,chrome_android,xr
oculus,8.1,2020-03-13,Blink,Blink 79,retired,chrome_android,xr
oculus,9.0,2020-04-24,Blink,Blink 81,retired,chrome_android,xr
oculus,10.0,2020-06-19,Blink,Blink 83,retired,chrome_android,xr
oculus,11.0,2020-07-31,Blink,Blink 84,retired,chrome_android,xr
oculus,12.0,2020-11-03,Blink,Blink 86,retired,chrome_android,xr
oculus,13.0,2020-12-10,Blink,Blink 87,retired,chrome_android,xr
oculus,14.0,2021-02-08,Blink,Blink 88,retired,chrome_android,xr
oculus,15.0,2021-03-30,Blink,Blink 89,retired,chrome_android,xr
oculus,15.1,2021-04-09,Blink,Blink 89,retired,chrome_android,xr
oculus,16.0,2021-06-07,Blink,Blink 91,retired,chrome_android,xr
oculus,16.1,2021-06-25,Blink,Blink 91,retired,chrome_android,xr
oculus,16.2,2021-07-10,Blink,Blink 91,retired,chrome_android,xr
oculus,16.3,2021-07-19,Blink,Blink 91,retired,chrome_android,xr
oculus,16.4,2021-08-02,Blink,Blink 91,retired,chrome_android,xr
oculus,16.5,2021-08-16,Blink,Blink 91,retired,chrome_android,xr
oculus,16.6,2021-08-30,Blink,Blink 91,retired,chrome_android,xr
oculus,17.0,2021-09-13,Blink,Blink 93,retired,chrome_android,xr
oculus,18.0,2021-11-30,Blink,Blink 95,retired,chrome_android,xr
oculus,19.0,2022-01-31,Blink,Blink 96,retired,chrome_android,xr
oculus,20.0,2022-03-14,Blink,Blink 98,retired,chrome_android,xr
oculus,21.0,2022-04-25,Blink,Blink 100,retired,chrome_android,xr
oculus,22.0,2022-06-06,Blink,Blink 102,retired,chrome_android,xr
oculus,31.2,2024-01-15,Blink,Blink 120,retired,chrome_android,xr
oculus,32,2024-02-27,Blink,Blink 122,retired,chrome_android,xr
oculus,33,2024-04-24,Blink,Blink 124,retired,chrome_android,xr
oculus,33.3,2024-05-31,Blink,Blink 124,retired,chrome_android,xr
oculus,34,2024-06-26,Blink,Blink 126,retired,chrome_android,xr
oculus,34.1,2024-07-09,Blink,Blink 126,retired,chrome_android,xr
oculus,35,2024-09-13,Blink,Blink 128,retired,chrome_android,xr
oculus,36,2024-11-06,Blink,Blink 130,retired,chrome_android,xr
oculus,37,2025-02-14,Blink,Blink 132,retired,chrome_android,xr
oculus,38.1,2025-04-23,Blink,Blink 134,retired,chrome_android,xr
oculus,38.2,2025-04-30,Blink,Blink 134,retired,chrome_android,xr
oculus,39,2025-06-25,Blink,Blink 136,retired,chrome_android,xr
oculus,40.0,2025-08-07,Blink,Blink 138,retired,chrome_android,xr
oculus,40.1,2025-08-12,Blink,Blink 138,retired,chrome_android,xr
oculus,41.0,2025-10-21,Blink,Blink 140,retired,chrome_android,xr
oculus,42.0,2026-01-26,Blink,Blink 142,current,chrome_android,xr
opera,2,1996-07-14,unknown,unknown,retired,chrome,desktop
opera,3,1997-12-01,unknown,unknown,retired,chrome,desktop
opera,3.5,1998-11-18,unknown,unknown,retired,chrome,desktop
opera,3.6,1999-05-06,unknown,unknown,retired,chrome,desktop
opera,4,2000-06-28,unknown,unknown,retired,chrome,desktop
opera,5,2000-12-06,unknown,unknown,retired,chrome,desktop
opera,5.1,2001-04-10,unknown,unknown,retired,chrome,desktop
opera,6,2001-12-18,unknown,unknown,retired,chrome,desktop
opera,7,2003-01-28,Presto,Presto 1,retired,chrome,desktop
opera,7.1,2003-04-11,Presto,Presto 1,retired,chrome,desktop
opera,7.2,2003-09-23,Presto,Presto 1,retired,chrome,desktop
opera,7.5,2004-05-12,Presto,Presto 1,retired,chrome,desktop
opera,8,2005-04-19,Presto,Presto 1,retired,chrome,desktop
opera,8.5,2005-09-20,Presto,Presto 1,retired,chrome,desktop
opera,9,2006-06-20,Presto,Presto 2,retired,chrome,desktop
opera,9.1,2006-12-18,Presto,Presto 2,retired,chrome,desktop
opera,9.2,2007-04-11,Presto,Presto 2,retired,chrome,desktop
opera,9.5,2008-06-12,Presto,Presto 2.1,retired,chrome,desktop
opera,9.6,2008-10-08,Presto,Presto 2.1,retired,chrome,desktop
opera,10,2009-09-01,Presto,Presto 2.2,retired,chrome,desktop
opera,10.1,2009-11-23,Presto,Presto 2.2,retired,chrome,desktop
opera,10.5,2010-03-02,Presto,Presto 2.5,retired,chrome,desktop
opera,10.6,2010-07-01,Presto,Presto 2.6,retired,chrome,desktop
opera,11,2010-12-16,Presto,Presto 2.7,retired,chrome,desktop
opera,11.1,2011-04-12,Presto,Presto 2.8,retired,chrome,desktop
opera,11.5,2011-06-28,Presto,Presto 2.9,retired,chrome,desktop
opera,11.6,2011-12-06,Presto,Presto 2.10,retired,chrome,desktop
opera,12,2012-06-14,Presto,Presto 2.10,retired,chrome,desktop
opera,12.1,2012-11-20,Presto,Presto 2.12,retired,chrome,desktop
opera,15,2013-07-02,Blink,Blink 28,retired,chrome,desktop
opera,16,2013-08-27,Blink,Blink 29,retired,chrome,desktop
opera,17,2013-10-08,Blink,Blink 30,retired,chrome,desktop
opera,18,2013-11-19,Blink,Blink 31,retired,chrome,desktop
opera,19,2014-01-28,Blink,Blink 32,retired,chrome,desktop
opera,20,2014-03-04,Blink,Blink 33,retired,chrome,desktop
opera,21,2014-05-06,Blink,Blink 34,retired,chrome,desktop
opera,22,2014-06-03,Blink,Blink 35,retired,chrome,desktop
opera,23,2014-07-22,Blink,Blink 36,retired,chrome,desktop
opera,24,2014-09-02,Blink,Blink 37,retired,chrome,desktop
opera,25,2014-10-15,Blink,Blink 38,retired,chrome,desktop
opera,26,2014-12-03,Blink,Blink 39,retired,chrome,desktop
opera,27,2015-01-27,Blink,Blink 40,retired,chrome,desktop
opera,28,2015-03-10,Blink,Blink 41,retired,chrome,desktop
opera,29,2015-04-28,Blink,Blink 42,retired,chrome,desktop
opera,30,2015-06-09,Blink,Blink 43,retired,chrome,desktop
opera,31,2015-08-04,Blink,Blink 44,retired,chrome,desktop
opera,32,2015-09-15,Blink,Blink 45,retired,chrome,desktop
opera,33,2015-10-27,Blink,Blink 46,retired,chrome,desktop
opera,34,2015-12-08,Blink,Blink 47,retired,chrome,desktop
opera,35,2016-02-02,Blink,Blink 48,retired,chrome,desktop
opera,36,2016-03-15,Blink,Blink 49,retired,chrome,desktop
opera,37,2016-05-04,Blink,Blink 50,retired,chrome,desktop
opera,38,2016-06-08,Blink,Blink 51,retired,chrome,desktop
opera,39,2016-08-02,Blink,Blink 52,retired,chrome,desktop
opera,40,2016-09-20,Blink,Blink 53,retired,chrome,desktop
opera,41,2016-10-25,Blink,Blink 54,retired,chrome,desktop
opera,42,2016-12-13,Blink,Blink 55,retired,chrome,desktop
opera,43,2017-02-07,Blink,Blink 56,retired,chrome,desktop
opera,44,2017-03-21,Blink,Blink 57,retired,chrome,desktop
opera,45,2017-05-10,Blink,Blink 58,retired,chrome,desktop
opera,46,2017-06-22,Blink,Blink 59,retired,chrome,desktop
opera,47,2017-08-09,Blink,Blink 60,retired,chrome,desktop
opera,48,2017-09-27,Blink,Blink 61,retired,chrome,desktop
opera,49,2017-11-08,Blink,Blink 62,retired,chrome,desktop
opera,50,2018-01-04,Blink,Blink 63,retired,chrome,desktop
opera,51,2018-02-07,Blink,Blink 64,retired,chrome,desktop
opera,52,2018-03-22,Blink,Blink 65,retired,chrome,desktop
opera,53,2018-05-10,Blink,Blink 66,retired,chrome,desktop
opera,54,2018-06-28,Blink,Blink 67,retired,chrome,desktop
opera,55,2018-08-16,Blink,Blink 68,retired,chrome,desktop
opera,56,2018-09-25,Blink,Blink 69,retired,chrome,desktop
opera,57,2018-11-28,Blink,Blink 70,retired,chrome,desktop
opera,58,2019-01-23,Blink,Blink 71,retired,chrome,desktop
opera,60,2019-04-09,Blink,Blink 73,retired,chrome,desktop
opera,62,2019-06-27,Blink,Blink 75,retired,chrome,desktop
opera,63,2019-08-20,Blink,Blink 76,retired,chrome,desktop
opera,64,2019-10-07,Blink,Blink 77,retired,chrome,desktop
opera,65,2019-11-13,Blink,Blink 78,retired,chrome,desktop
opera,66,2020-01-07,Blink,Blink 79,retired,chrome,desktop
opera,67,2020-03-03,Blink,Blink 80,retired,chrome,desktop
opera,68,2020-04-22,Blink,Blink 81,retired,chrome,desktop
opera,69,2020-06-24,Blink,Blink 83,retired,chrome,desktop
opera,70,2020-07-27,Blink,Blink 84,retired,chrome,desktop
opera,71,2020-09-15,Blink,Blink 85,retired,chrome,desktop
opera,72,2020-10-21,Blink,Blink 86,retired,chrome,desktop
opera,73,2020-12-09,Blink,Blink 87,retired,chrome,desktop
opera,74,2021-02-02,Blink,Blink 88,retired,chrome,desktop
opera,75,2021-03-24,Blink,Blink 89,retired,chrome,desktop
opera,76,2021-04-28,Blink,Blink 90,retired,chrome,desktop
opera,77,2021-06-09,Blink,Blink 91,retired,chrome,desktop
opera,78,2021-08-03,Blink,Blink 92,retired,chrome,desktop
opera,79,2021-09-14,Blink,Blink 93,retired,chrome,desktop
opera,80,2021-10-05,Blink,Blink 94,retired,chrome,desktop
opera,81,2021-11-04,Blink,Blink 95,retired,chrome,desktop
opera,82,2021-12-02,Blink,Blink 96,retired,chrome,desktop
opera,83,2022-01-19,Blink,Blink 97,retired,chrome,desktop
opera,84,2022-02-16,Blink,Blink 98,retired,chrome,desktop
opera,85,2022-03-23,Blink,Blink 99,retired,chrome,desktop
opera,86,2022-04-20,Blink,Blink 100,retired,chrome,desktop
opera,87,2022-05-17,Blink,Blink 101,retired,chrome,desktop
opera,88,2022-06-08,Blink,Blink 102,retired,chrome,desktop
opera,89,2022-07-07,Blink,Blink 103,retired,chrome,desktop
opera,90,2022-08-18,Blink,Blink 104,retired,chrome,desktop
opera,91,2022-09-14,Blink,Blink 105,retired,chrome,desktop
opera,92,2022-10-19,Blink,Blink 106,retired,chrome,desktop
opera,93,2022-11-17,Blink,Blink 107,retired,chrome,desktop
opera,94,2022-12-15,Blink,Blink 108,retired,chrome,desktop
opera,95,2023-02-01,Blink,Blink 109,retired,chrome,desktop
opera,96,2023-02-22,Blink,Blink 110,retired,chrome,desktop
opera,97,2023-03-22,Blink,Blink 111,retired,chrome,desktop
opera,98,2023-04-20,Blink,Blink 112,retired,chrome,desktop
opera,99,2023-05-16,Blink,Blink 113,retired,chrome,desktop
opera,100,2023-06-29,Blink,Blink 114,retired,chrome,desktop
opera,101,2023-07-26,Blink,Blink 115,retired,chrome,desktop
opera,102,2023-08-23,Blink,Blink 116,retired,chrome,desktop
opera,103,2023-10-03,Blink,Blink 117,retired,chrome,desktop
opera,104,2023-10-23,Blink,Blink 118,retired,chrome,desktop
opera,105,2023-11-14,Blink,Blink 119,retired,chrome,desktop
opera,106,2023-12-19,Blink,Blink 120,retired,chrome,desktop
opera,107,2024-02-07,Blink,Blink 121,retired,chrome,desktop
opera,108,2024-03-05,Blink,Blink 122,retired,chrome,desktop
opera,109,2024-03-27,Blink,Blink 123,retired,chrome,desktop
opera,110,2024-05-14,Blink,Blink 124,retired,chrome,desktop
opera,111,2024-06-12,Blink,Blink 125,retired,chrome,desktop
opera,112,2024-07-11,Blink,Blink 126,retired,chrome,desktop
opera,113,2024-08-22,Blink,Blink 127,retired,chrome,desktop
opera,114,2024-09-25,Blink,Blink 128,retired,chrome,desktop
opera,115,2024-11-27,Blink,Blink 130,retired,chrome,desktop
opera,116,2025-01-08,Blink,Blink 131,retired,chrome,desktop
opera,117,2025-02-13,Blink,Blink 132,retired,chrome,desktop
opera,118,2025-04-15,Blink,Blink 133,retired,chrome,desktop
opera,119,2025-05-13,Blink,Blink 134,retired,chrome,desktop
opera,120,2025-07-02,Blink,Blink 135,retired,chrome,desktop
opera,121,2025-08-27,Blink,Blink 137,retired,chrome,desktop
opera,122,2025-09-11,Blink,Blink 138,retired,chrome,desktop
opera,123,2025-10-28,Blink,Blink 139,retired,chrome,desktop
opera,124,2025-11-13,Blink,Blink 140,retired,chrome,desktop
opera,125,2025-12-04,Blink,Blink 141,retired,chrome,desktop
opera,126,2026-01-08,Blink,Blink 142,retired,chrome,desktop
opera,127,2026-02-02,Blink,Blink 143,retired,chrome,desktop
opera,128,2026-02-26,Blink,Blink 144,retired,chrome,desktop
opera,129,2026-03-18,Blink,Blink 145,retired,chrome,desktop
opera,130,2026-04-08,Blink,Blink 146,retired,chrome,desktop
opera,131,2026-04-29,Blink,Blink 147,retired,chrome,desktop
opera,132,2026-05-28,Blink,Blink 148,retired,chrome,desktop
opera,133,2026-06-29,Blink,Blink 149,retired,chrome,desktop
opera,134,2026-08-06,Blink,Blink 150,retired,chrome,desktop
opera,135,2026-08-20,Blink,Blink 151,retired,chrome,desktop
opera,136,2026-09-17,Blink,Blink 152,current,chrome,desktop
opera_android,10.1,2010-11-09,Presto,Presto 2.5,retired,chrome_android,mobile
opera_android,11,2011-03-22,Presto,Presto 2.7,retired,chrome_android,mobile
opera_android,11.1,2011-06-30,Presto,Presto 2.8,retired,chrome_android,mobile
opera_android,11.5,2011-10-12,Presto,Presto 2.9,retired,chrome_android,mobile
opera_android,12,2012-02-25,Presto,Presto 2.10,retired,chrome_android,mobile
opera_android,12.1,2012-10-09,Presto,Presto 2.11,retired,chrome_android,mobile
opera_android,14,2013-05-21,WebKit,WebKit 537.31,retired,chrome_android,mobile
opera_android,15,2013-07-08,Blink,Blink 28,retired,chrome_android,mobile
opera_android,16,2013-09-18,Blink,Blink 29,retired,chrome_android,mobile
opera_android,18,2013-11-20,Blink,Blink 31,retired,chrome_android,mobile
opera_android,19,2014-01-28,Blink,Blink 32,retired,chrome_android,mobile
opera_android,20,2014-03-06,Blink,Blink 33,retired,chrome_android,mobile
opera_android,21,2014-04-22,Blink,Blink 34,retired,chrome_android,mobile
opera_android,22,2014-06-17,Blink,Blink 35,retired,chrome_android,mobile
opera_android,24,2014-09-10,Blink,Blink 37,retired,chrome_android,mobile
opera_android,25,2014-10-16,Blink,Blink 38,retired,chrome_android,mobile
opera_android,26,2014-12-02,Blink,Blink 39,retired,chrome_android,mobile
opera_android,27,2015-01-29,Blink,Blink 40,retired,chrome_android,mobile
opera_android,28,2015-03-10,Blink,Blink 41,retired,chrome_android,mobile
opera_android,29,2015-04-28,Blink,Blink 42,retired,chrome_android,mobile
opera_android,30,2015-06-10,Blink,Blink 43,retired,chrome_android,mobile
opera_android,32,2015-09-23,Blink,Blink 45,retired,chrome_android,mobile
opera_android,33,2015-11-03,Blink,Blink 46,retired,chrome_android,mobile
opera_android,34,2015-12-16,Blink,Blink 47,retired,chrome_android,mobile
opera_android,35,2016-02-04,Blink,Blink 48,retired,chrome_android,mobile
opera_android,36,2016-03-31,Blink,Blink 49,retired,chrome_android,mobile
opera_android,37,2016-06-16,Blink,Blink 50,retired,chrome_android,mobile
opera_android,41,2016-10-25,Blink,Blink 54,retired,chrome_android,mobile
opera_android,42,2017-01-21,Blink,Blink 55,retired,chrome_android,mobile
opera_android,43,2017-09-27,Blink,Blink 59,retired,chrome_android,mobile
opera_android,44,2017-12-11,Blink,Blink 60,retired,chrome_android,mobile
opera_android,45,2018-02-15,Blink,Blink 61,retired,chrome_android,mobile
opera_android,46,2018-05-14,Blink,Blink 63,retired,chrome_android,mobile
opera_android,47,2018-07-23,Blink,Blink 66,retired,chrome_android,mobile
opera_android,48,2018-11-08,Blink,Blink 69,retired,chrome_android,mobile
opera_android,49,2018-12-07,Blink,Blink 70,retired,chrome_android,mobile
opera_android,50,2019-02-18,Blink,Blink 71,retired,chrome_android,mobile
opera_android,51,2019-03-21,Blink,Blink 72,retired,chrome_android,mobile
opera_android,52,2019-05-17,Blink,Blink 73,retired,chrome_android,mobile
opera_android,53,2019-07-11,Blink,Blink 74,retired,chrome_android,mobile
opera_android,54,2019-10-18,Blink,Blink 76,retired,chrome_android,mobile
opera_android,55,2019-12-03,Blink,Blink 77,retired,chrome_android,mobile
opera_android,56,2020-02-06,Blink,Blink 78,retired,chrome_android,mobile
opera_android,57,2020-03-30,Blink,Blink 80,retired,chrome_android,mobile
opera_android,58,2020-05-13,Blink,Blink 81,retired,chrome_android,mobile
opera_android,59,2020-06-30,Blink,Blink 83,retired,chrome_android,mobile
opera_android,60,2020-09-23,Blink,Blink 85,retired,chrome_android,mobile
opera_android,61,2020-12-07,Blink,Blink 86,retired,chrome_android,mobile
opera_android,62,2021-02-16,Blink,Blink 87,retired,chrome_android,mobile
opera_android,63,2021-04-16,Blink,Blink 89,retired,chrome_android,mobile
opera_android,64,2021-05-25,Blink,Blink 91,retired,chrome_android,mobile
opera_android,65,2021-10-20,Blink,Blink 92,retired,chrome_android,mobile
opera_android,66,2021-12-15,Blink,Blink 94,retired,chrome_android,mobile
opera_android,67,2022-01-31,Blink,Blink 96,retired,chrome_android,mobile
opera_android,68,2022-03-30,Blink,Blink 99,retired,chrome_android,mobile
opera_android,69,2022-05-09,Blink,Blink 100,retired,chrome_android,mobile
opera_android,70,2022-06-29,Blink,Blink 102,retired,chrome_android,mobile
opera_android,71,2022-09-16,Blink,Blink 104,retired,chrome_android,mobile
opera_android,72,2022-10-21,Blink,Blink 106,retired,chrome_android,mobile
opera_android,73,2023-01-17,Blink,Blink 108,retired,chrome_android,mobile
opera_android,74,2023-03-13,Blink,Blink 110,retired,chrome_android,mobile
opera_android,75,2023-05-17,Blink,Blink 112,retired,chrome_android,mobile
opera_android,76,2023-06-26,Blink,Blink 114,retired,chrome_android,mobile
opera_android,77,2023-08-31,Blink,Blink 115,retired,chrome_android,mobile
opera_android,78,2023-10-23,Blink,Blink 117,retired,chrome_android,mobile
opera_android,79,2023-12-06,Blink,Blink 119,retired,chrome_android,mobile
opera_android,80,2024-01-25,Blink,Blink 120,retired,chrome_android,mobile
opera_android,81,2024-03-14,Blink,Blink 122,retired,chrome_android,mobile
opera_android,82,2024-05-02,Blink,Blink 124,retired,chrome_android,mobile
opera_android,83,2024-06-25,Blink,Blink 126,retired,chrome_android,mobile
opera_android,84,2024-08-26,Blink,Blink 127,retired,chrome_android,mobile
opera_android,85,2024-10-29,Blink,Blink 128,retired,chrome_android,mobile
opera_android,86,2024-12-02,Blink,Blink 130,retired,chrome_android,mobile
opera_android,87,2025-01-22,Blink,Blink 132,retired,chrome_android,mobile
opera_android,88,2025-03-19,Blink,Blink 134,retired,chrome_android,mobile
opera_android,89,2025-04-29,Blink,Blink 135,retired,chrome_android,mobile
opera_android,90,2025-06-18,Blink,Blink 137,retired,chrome_android,mobile
opera_android,91,2025-08-19,Blink,Blink 139,retired,chrome_android,mobile
opera_android,92,2025-10-08,Blink,Blink 140,retired,chrome_android,mobile
opera_android,93,2025-11-25,Blink,Blink 142,retired,chrome_android,mobile
opera_android,94,2026-01-13,Blink,Blink 143,retired,chrome_android,mobile
opera_android,95,2026-02-11,Blink,Blink 144,retired,chrome_android,mobile
opera_android,96,2026-03-10,Blink,Blink 145,retired,chrome_android,mobile
opera_android,97,2026-04-16,Blink,Blink 146,retired,chrome_android,mobile
opera_android,98,2026-05-05,Blink,Blink 147,retired,chrome_android,mobile
opera_android,99,2026-06-10,Blink,Blink 148,retired,chrome_android,mobile
opera_android,100,2026-07-01,Blink,Blink 149,retired,chrome_android,mobile
opera_android,101,2026-08-26,Blink,Blink 151,retired,chrome_android,mobile
opera_android,102,2026-09-23,Blink,Blink 152,current,chrome_android,mobile
safari,1,2003-06-23,WebKit,WebKit 85,retired,none,desktop
safari,1.1,2003-10-24,WebKit,WebKit 100,retired,none,desktop
safari,1.2,2004-02-02,WebKit,WebKit 125,retired,none,desktop
safari,1.3,2005-04-15,WebKit,WebKit 312,retired,none,desktop
safari,2,2005-04-29,WebKit,WebKit 412,retired,none,desktop
safari,3,2007-10-26,WebKit,WebKit 523.10,retired,none,desktop
safari,3.1,2008-03-18,WebKit,WebKit 525.13,retired,none,desktop
safari,4,2009-06-08,WebKit,WebKit 530.17,retired,none,desktop
safari,5,2010-06-07,WebKit,WebKit 533.16,retired,none,desktop
safari,5.1,2011-07-20,WebKit,WebKit 534.48,retired,none,desktop
safari,6,2012-07-25,WebKit,WebKit 536.25,retired,none,desktop
safari,7,2013-10-22,WebKit,WebKit 537.71,retired,none,desktop
safari,8,2014-10-16,WebKit,WebKit 538.35,retired,none,desktop
safari,9,2015-09-30,WebKit,WebKit 601.1.56,retired,none,desktop
safari,9.1,2016-03-21,WebKit,WebKit 601.5.17,retired,none,desktop
safari,10,2016-09-20,WebKit,WebKit 602.1.50,retired,none,desktop
safari,10.1,2017-03-27,WebKit,WebKit 603.2.1,retired,none,desktop
safari,11,2017-09-19,WebKit,WebKit 604.2.4,retired,none,desktop
safari,11.1,2018-04-12,WebKit,WebKit 605.1.33,retired,none,desktop
safari,12,2018-09-17,WebKit,WebKit 606.1.36,retired,none,desktop
safari,12.1,2019-03-25,WebKit,WebKit 607.1.40,retired,none,desktop
safari,13,2019-09-19,WebKit,WebKit 608.2.11,retired,none,desktop
safari,13.1,2020-03-24,WebKit,WebKit 609.1.20,retired,none,desktop
safari,14,2020-09-16,WebKit,WebKit 610.1.28,retired,none,desktop
safari,14.1,2021-04-26,WebKit,WebKit 611.1.21,retired,none,desktop
safari,15,2021-09-20,WebKit,WebKit 612.1.27,retired,none,desktop
safari,15.1,2021-10-25,WebKit,WebKit 612.2.9,retired,none,desktop
safari,15.2,2021-12-13,WebKit,WebKit 612.3.6,retired,none,desktop
safari,15.3,2022-01-26,WebKit,WebKit 612.4.9,retired,none,desktop
safari,15.4,2022-03-14,WebKit,WebKit 613.1.17,retired,none,desktop
safari,15.5,2022-05-16,WebKit,WebKit 613.2.7,retired,none,desktop
safari,15.6,2022-07-20,WebKit,WebKit 613.3.9,retired,none,desktop
safari,16,2022-09-12,WebKit,WebKit 614.1.25,retired,none,desktop
safari,16.1,2022-10-24,WebKit,WebKit 614.2.9,retired,none,desktop
safari,16.2,2022-12-13,WebKit,WebKit 614.3.7,retired,none,desktop
safari,16.3,2023-01-23,WebKit,WebKit 614.4.6,retired,none,desktop
safari,16.4,2023-03-27,WebKit,WebKit 615.1.26,retired,none,desktop
safari,16.5,2023-05-18,WebKit,WebKit 615.2.9,retired,none,desktop
safari,16.6,2023-07-24,WebKit,WebKit 615.3.12,retired,none,desktop
safari,17,2023-09-18,WebKit,WebKit 616.1.27,retired,none,desktop
safari,17.1,2023-10-25,WebKit,WebKit 616.2.9,retired,none,desktop
safari,17.2,2023-12-11,WebKit,WebKit 617.1.17,retired,none,desktop
safari,17.3,2024-01-22,WebKit,WebKit 617.2.4,retired,none,desktop
safari,17.4,2024-03-05,WebKit,WebKit 618.1.15,retired,none,desktop
safari,17.5,2024-05-13,WebKit,WebKit 618.2.12,retired,none,desktop
safari,17.6,2024-07-29,WebKit,WebKit 618.3.11,retired,none,desktop
safari,18,2024-09-16,WebKit,WebKit 619.1.26,retired,none,desktop
safari,18.1,2024-10-28,WebKit,WebKit 619.2.8,retired,none,desktop
safari,18.2,2024-12-11,WebKit,WebKit 620.1.16,retired,none,desktop
safari,18.3,2025-01-27,WebKit,WebKit 620.2.4,retired,none,desktop
safari,18.4,2025-03-31,WebKit,WebKit 621.1.15,retired,none,desktop
safari,18.5,2025-05-12,WebKit,WebKit 621.2.5,retired,none,desktop
safari,18.6,2025-07-29,WebKit,WebKit 621.3.11,retired,none,desktop
safari,26,2025-09-15,WebKit,WebKit 622.1.22,retired,none,desktop
safari,26.1,2025-11-03,WebKit,WebKit 622.2.11,retired,none,desktop
safari,26.2,2025-12-12,WebKit,WebKit 623.1.14,retired,none,desktop
safari,26.3,2026-02-11,WebKit,WebKit 623.2.7,retired,none,desktop
safari,26.4,2026-03-24,WebKit,WebKit 624.1.16,retired,none,desktop
safari,26.5,2026-05-11,WebKit,WebKit 624.2.5,retired,none,desktop
safari,26.6,2026-07-27,WebKit,WebKit 624.4.5,retired,none,desktop
safari,27,2026-09-14,WebKit,WebKit 625.1.29,current,none,desktop
safari_ios,1,2007-06-29,WebKit,WebKit 522.11,retired,safari,mobile
safari_ios,2,2008-07-11,WebKit,WebKit 525.18,retired,safari,mobile
safari_ios,3,2009-06-17,WebKit,WebKit 528.18,retired,safari,mobile
safari_ios,3.2,2010-04-03,WebKit,WebKit 531.21,retired,safari,mobile
safari_ios,4,2010-06-21,WebKit,WebKit 532.9,retired,safari,mobile
safari_ios,4.2,2010-11-22,WebKit,WebKit 533.17,retired,safari,mobile
safari_ios,5,2011-10-12,WebKit,WebKit 534.46,retired,safari,mobile
safari_ios,6,2012-09-10,WebKit,WebKit 536.26,retired,safari,mobile
safari_ios,7,2013-09-18,WebKit,WebKit 537.51,retired,safari,mobile
safari_ios,8,2014-09-17,WebKit,WebKit 600.1.4,retired,safari,mobile
safari_ios,9,2015-09-16,WebKit,WebKit 601.1.56,retired,safari,mobile
safari_ios,9.3,2016-03-21,WebKit,WebKit 601.5.17,retired,safari,mobile
safari_ios,10,2016-09-13,WebKit,WebKit 602.1.50,retired,safari,mobile
safari_ios,10.3,2017-03-27,WebKit,WebKit 603.2.1,retired,safari,mobile
safari_ios,11,2017-09-19,WebKit,WebKit 604.2.4,retired,safari,mobile
safari_ios,11.3,2018-03-29,WebKit,WebKit 605.1.33,retired,safari,mobile
safari_ios,12,2018-09-17,WebKit,WebKit 606.1.36,retired,safari,mobile
safari_ios,12.2,2019-03-25,WebKit,WebKit 607.1.40,retired,safari,mobile
safari_ios,13,2019-09-19,WebKit,WebKit 608.2.11,retired,safari,mobile
safari_ios,13.4,2020-03-24,WebKit,WebKit 609.1.20,retired,safari,mobile
safari_ios,14,2020-09-16,WebKit,WebKit 610.1.28,retired,safari,mobile
safari_ios,14.5,2021-04-26,WebKit,WebKit 611.1.21,retired,safari,mobile
safari_ios,15,2021-09-20,WebKit,WebKit 612.1.27,retired,safari,mobile
safari_ios,15.1,2021-10-25,WebKit,WebKit 612.2.9,retired,safari,mobile
safari_ios,15.2,2021-12-13,WebKit,WebKit 612.3.6,retired,safari,mobile
safari_ios,15.3,2022-01-26,WebKit,WebKit 612.4.9,retired,safari,mobile
safari_ios,15.4,2022-03-14,WebKit,WebKit 613.1.17,retired,safari,mobile
safari_ios,15.5,2022-05-16,WebKit,WebKit 613.2.7,retired,safari,mobile
safari_ios,15.6,2022-07-20,WebKit,WebKit 613.3.9,retired,safari,mobile
safari_ios,16,2022-09-12,WebKit,WebKit 614.1.25,retired,safari,mobile
safari_ios,16.1,2022-10-24,WebKit,WebKit 614.2.9,retired,safari,mobile
safari_ios,16.2,2022-12-13,WebKit,WebKit 614.3.7,retired,safari,mobile
safari_ios,16.3,2023-01-23,WebKit,WebKit 614.4.6,retired,safari,mobile
safari_ios,16.4,2023-03-27,WebKit,WebKit 615.1.26,retired,safari,mobile
safari_ios,16.5,2023-05-18,WebKit,WebKit 615.2.9,retired,safari,mobile
safari_ios,16.6,2023-07-24,WebKit,WebKit 615.3.12,retired,safari,mobile
safari_ios,17,2023-09-18,WebKit,WebKit 616.1.27,retired,safari,mobile
safari_ios,17.1,2023-10-25,WebKit,WebKit 616.2.9,retired,safari,mobile
safari_ios,17.2,2023-12-11,WebKit,WebKit 617.1.17,retired,safari,mobile
safari_ios,17.3,2024-01-22,WebKit,WebKit 617.2.4,retired,safari,mobile
safari_ios,17.4,2024-03-05,WebKit,WebKit 618.1.15,retired,safari,mobile
safari_ios,17.5,2024-05-13,WebKit,WebKit 618.2.12,retired,safari,mobile
safari_ios,17.6,2024-07-29,WebKit,WebKit 618.3.11,retired,safari,mobile
safari_ios,18,2024-09-16,WebKit,WebKit 619.1.26,retired,safari,mobile
safari_ios,18.1,2024-10-28,WebKit,WebKit 619.2.8,retired,safari,mobile
safari_ios,18.2,2024-12-11,WebKit,WebKit 620.1.16,retired,safari,mobile
safari_ios,18.3,2025-01-27,WebKit,WebKit 620.2.4,retired,safari,mobile
safari_ios,18.4,2025-03-31,WebKit,WebKit 621.1.15,retired,safari,mobile
safari_ios,18.5,2025-05-12,WebKit,WebKit 621.2.5,retired,safari,mobile
safari_ios,18.6,2025-07-29,WebKit,WebKit 621.3.11,retired,safari,mobile
safari_ios,26,2025-09-15,WebKit,WebKit 622.1.22,retired,safari,mobile
safari_ios,26.1,2025-11-03,WebKit,WebKit 622.2.11,retired,safari,mobile
safari_ios,26.2,2025-12-12,WebKit,WebKit 623.1.14,retired,safari,mobile
safari_ios,26.3,2026-02-11,WebKit,WebKit 623.2.7,retired,safari,mobile
safari_ios,26.4,2026-03-24,WebKit,WebKit 624.1.16,retired,safari,mobile
safari_ios,26.5,2026-05-11,WebKit,WebKit 624.2.5,retired,safari,mobile
safari_ios,26.6,2026-07-27,WebKit,WebKit 624.4.5,retired,safari,mobile
safari_ios,27,2026-09-14,WebKit,WebKit 625.1.29,current,safari,mobile
samsunginternet_android,1.0,2013-04-27,WebKit,WebKit 535.19,retired,chrome_android,mobile
samsunginternet_android,1.5,2013-09-25,Blink,Blink 28,retired,chrome_android,mobile
samsunginternet_android,1.6,2014-04-11,Blink,Blink 28,retired,chrome_android,mobile
samsunginternet_android,2.0,2014-10-17,Blink,Blink 34,retired,chrome_android,mobile
samsunginternet_android,2.1,2015-01-07,Blink,Blink 34,retired,chrome_android,mobile
samsunginternet_android,3.0,2015-04-10,Blink,Blink 38,retired,chrome_android,mobile
samsunginternet_android,3.2,2015-08-24,Blink,Blink 38,retired,chrome_android,mobile
samsunginternet_android,4.0,2016-03-11,Blink,Blink 44,retired,chrome_android,mobile
samsunginternet_android,4.2,2016-08-02,Blink,Blink 44,retired,chrome_android,mobile
samsunginternet_android,5.0,2016-12-15,Blink,Blink 51,retired,chrome_android,mobile
samsunginternet_android,5.2,2017-04-21,Blink,Blink 51,retired,chrome_android,mobile
samsunginternet_android,5.4,2017-05-17,Blink,Blink 51,retired,chrome_android,mobile
samsunginternet_android,6.0,2017-08-23,Blink,Blink 56,retired,chrome_android,mobile
samsunginternet_android,6.2,2017-10-26,Blink,Blink 56,retired,chrome_android,mobile
samsunginternet_android,6.4,2018-02-19,Blink,Blink 56,retired,chrome_android,mobile
samsunginternet_android,7.0,2018-03-16,Blink,Blink 59,retired,chrome_android,mobile
samsunginternet_android,7.2,2018-06-20,Blink,Blink 59,retired,chrome_android,mobile
samsunginternet_android,8.0,2018-07-18,Blink,Blink 63,retired,chrome_android,mobile
samsunginternet_android,7.4,2018-09-12,Blink,Blink 59,retired,chrome_android,mobile
samsunginternet_android,9.0,2018-09-15,Blink,Blink 67,retired,chrome_android,mobile
samsunginternet_android,8.2,2018-12-21,Blink,Blink 63,retired,chrome_android,mobile
samsunginternet_android,9.2,2019-04-02,Blink,Blink 67,retired,chrome_android,mobile
samsunginternet_android,9.4,2019-07-25,Blink,Blink 67,retired,chrome_android,mobile
samsunginternet_android,10.0,2019-08-22,Blink,Blink 71,retired,chrome_android,mobile
samsunginternet_android,10.2,2019-10-09,Blink,Blink 71,retired,chrome_android,mobile
samsunginternet_android,11.0,2019-12-05,Blink,Blink 75,retired,chrome_android,mobile
samsunginternet_android,11.2,2020-03-22,Blink,Blink 75,retired,chrome_android,mobile
samsunginternet_android,12.0,2020-06-19,Blink,Blink 79,retired,chrome_android,mobile
samsunginternet_android,12.1,2020-07-07,Blink,Blink 79,retired,chrome_android,mobile
samsunginternet_android,13.0,2020-12-02,Blink,Blink 83,retired,chrome_android,mobile
samsunginternet_android,13.2,2021-01-20,Blink,Blink 83,retired,chrome_android,mobile
samsunginternet_android,14.0,2021-04-17,Blink,Blink 87,retired,chrome_android,mobile
samsunginternet_android,14.2,2021-06-25,Blink,Blink 87,retired,chrome_android,mobile
samsunginternet_android,15.0,2021-08-13,Blink,Blink 90,retired,chrome_android,mobile
samsunginternet_android,16.0,2021-11-25,Blink,Blink 92,retired,chrome_android,mobile
samsunginternet_android,16.2,2022-03-06,Blink,Blink 92,retired,chrome_android,mobile
samsunginternet_android,17.0,2022-05-04,Blink,Blink 96,retired,chrome_android,mobile
samsunginternet_android,18.0,2022-08-08,Blink,Blink 99,retired,chrome_android,mobile
samsunginternet_android,18.1,2022-09-09,Blink,Blink 99,retired,chrome_android,mobile
samsunginternet_android,19.0,2022-11-01,Blink,Blink 102,retired,chrome_android,mobile
samsunginternet_android,19.1,2022-11-08,Blink,Blink 102,retired,chrome_android,mobile
samsunginternet_android,20.0,2023-02-10,Blink,Blink 106,retired,chrome_android,mobile
samsunginternet_android,21.0,2023-05-19,Blink,Blink 110,retired,chrome_android,mobile
samsunginternet_android,22.0,2023-07-14,Blink,Blink 111,retired,chrome_android,mobile
samsunginternet_android,23.0,2023-10-18,Blink,Blink 115,retired,chrome_android,mobile
samsunginternet_android,24.0,2024-01-25,Blink,Blink 117,retired,chrome_android,mobile
samsunginternet_android,25.0,2024-04-24,Blink,Blink 121,retired,chrome_android,mobile
samsunginternet_android,26.0,2024-06-07,Blink,Blink 122,retired,chrome_android,mobile
samsunginternet_android,27.0,2024-11-06,Blink,Blink 125,retired,chrome_android,mobile
samsunginternet_android,28.0,2025-04-02,Blink,Blink 130,retired,chrome_android,mobile
samsunginternet_android,29.0,2025-10-25,Blink,Blink 136,retired,chrome_android,mobile
samsunginternet_android,30.0,2026-05-11,Blink,Blink 143,current,chrome_android,mobile
webview_android,1,2008-09-23,WebKit,WebKit 523.12,retired,chrome_android,mobile
webview_android,1.5,2009-04-27,WebKit,WebKit 525.20,retired,chrome_android,mobile
webview_android,2,2009-10-26,WebKit,WebKit 530.17,retired,chrome_android,mobile
webview_android,2.2,2010-05-20,WebKit,WebKit 533.1,retired,chrome_android,mobile
webview_android,3,2011-02-22,WebKit,WebKit 534.13,retired,chrome_android,mobile
webview_android,4,2011-10-18,WebKit,WebKit 534.30,retired,chrome_android,mobile
webview_android,4.4,2013-12-09,Blink,Blink 30,retired,chrome_android,mobile
webview_android,4.4.3,2014-06-02,Blink,Blink 33,retired,chrome_android,mobile
webview_android,37,2014-09-03,Blink,Blink 37,retired,chrome_android,mobile
webview_android,38,2014-10-08,Blink,Blink 38,retired,chrome_android,mobile
webview_android,39,2014-11-12,Blink,Blink 39,retired,chrome_android,mobile
webview_android,40,2015-01-21,Blink,Blink 40,retired,chrome_android,mobile
webview_android,41,2015-03-11,Blink,Blink 41,retired,chrome_android,mobile
webview_android,42,2015-04-15,Blink,Blink 42,retired,chrome_android,mobile
webview_android,43,2015-05-27,Blink,Blink 43,retired,chrome_android,mobile
webview_android,44,2015-07-29,Blink,Blink 44,retired,chrome_android,mobile
webview_android,45,2015-09-01,Blink,Blink 45,retired,chrome_android,mobile
webview_android,46,2015-10-14,Blink,Blink 46,retired,chrome_android,mobile
webview_android,47,2015-12-02,Blink,Blink 47,retired,chrome_android,mobile
webview_android,48,2016-01-26,Blink,Blink 48,retired,chrome_android,mobile
webview_android,49,2016-03-09,Blink,Blink 49,retired,chrome_android,mobile
webview_android,50,2016-04-13,Blink,Blink 50,retired,chrome_android,mobile
webview_android,51,2016-06-08,Blink,Blink 51,retired,chrome_android,mobile
webview_android,52,2016-07-27,Blink,Blink 52,retired,chrome_android,mobile
webview_android,53,2016-09-07,Blink,Blink 53,retired,chrome_android,mobile
webview_android,54,2016-10-19,Blink,Blink 54,retired,chrome_android,mobile
webview_android,55,2016-12-06,Blink,Blink 55,retired,chrome_android,mobile
webview_android,56,2017-02-01,Blink,Blink 56,retired,chrome_android,mobile
webview_android,57,2017-03-16,Blink,Blink 57,retired,chrome_android,mobile
webview_android,58,2017-04-25,Blink,Blink 58,retired,chrome_android,mobile
webview_android,59,2017-06-06,Blink,Blink 59,retired,chrome_android,mobile
webview_android,60,2017-08-01,Blink,Blink 60,retired,chrome_android,mobile
webview_android,61,2017-09-05,Blink,Blink 61,retired,chrome_android,mobile
webview_android,62,2017-10-24,Blink,Blink 62,retired,chrome_android,mobile
webview_android,63,2017-12-05,Blink,Blink 63,retired,chrome_android,mobile
webview_android,64,2018-01-23,Blink,Blink 64,retired,chrome_android,mobile
webview_android,65,2018-03-06,Blink,Blink 65,retired,chrome_android,mobile
webview_android,66,2018-04-17,Blink,Blink 66,retired,chrome_android,mobile
webview_android,67,2018-05-31,Blink,Blink 67,retired,chrome_android,mobile
webview_android,68,2018-07-24,Blink,Blink 68,retired,chrome_android,mobile
webview_android,69,2018-09-04,Blink,Blink 69,retired,chrome_android,mobile
webview_android,70,2018-10-17,Blink,Blink 70,retired,chrome_android,mobile
webview_android,71,2018-12-04,Blink,Blink 71,retired,chrome_android,mobile
webview_android,72,2019-01-29,Blink,Blink 72,retired,chrome_android,mobile
webview_android,73,2019-03-12,Blink,Blink 73,retired,chrome_android,mobile
webview_android,74,2019-04-24,Blink,Blink 74,retired,chrome_android,mobile
webview_android,75,2019-06-04,Blink,Blink 75,retired,chrome_android,mobile
webview_android,76,2019-07-30,Blink,Blink 76,retired,chrome_android,mobile
webview_android,77,2019-09-10,Blink,Blink 77,retired,chrome_android,mobile
webview_android,78,2019-10-22,Blink,Blink 78,retired,chrome_android,mobile
webview_android,79,2019-12-17,Blink,Blink 79,retired,chrome_android,mobile
webview_android,80,2020-02-04,Blink,Blink 80,retired,chrome_android,mobile
webview_android,81,2020-04-07,Blink,Blink 81,retired,chrome_android,mobile
webview_android,83,2020-05-19,Blink,Blink 83,retired,chrome_android,mobile
webview_android,84,2020-07-27,Blink,Blink 84,retired,chrome_android,mobile
webview_android,85,2020-08-25,Blink,Blink 85,retired,chrome_android,mobile
webview_android,86,2020-10-20,Blink,Blink 86,retired,chrome_android,mobile
webview_android,87,2020-11-17,Blink,Blink 87,retired,chrome_android,mobile
webview_android,88,2021-01-19,Blink,Blink 88,retired,chrome_android,mobile
webview_android,89,2021-03-02,Blink,Blink 89,retired,chrome_android,mobile
webview_android,90,2021-04-13,Blink,Blink 90,retired,chrome_android,mobile
webview_android,91,2021-05-25,Blink,Blink 91,retired,chrome_android,mobile
webview_android,92,2021-07-20,Blink,Blink 92,retired,chrome_android,mobile
webview_android,93,2021-08-31,Blink,Blink 93,retired,chrome_android,mobile
webview_android,94,2021-09-21,Blink,Blink 94,retired,chrome_android,mobile
webview_android,95,2021-10-19,Blink,Blink 95,retired,chrome_android,mobile
webview_android,96,2021-11-15,Blink,Blink 96,retired,chrome_android,mobile
webview_android,97,2022-01-04,Blink,Blink 97,retired,chrome_android,mobile
webview_android,98,2022-02-01,Blink,Blink 98,retired,chrome_android,mobile
webview_android,99,2022-03-01,Blink,Blink 99,retired,chrome_android,mobile
webview_android,100,2022-03-29,Blink,Blink 100,retired,chrome_android,mobile
webview_android,101,2022-04-26,Blink,Blink 101,retired,chrome_android,mobile
webview_android,102,2022-05-24,Blink,Blink 102,retired,chrome_android,mobile
webview_android,103,2022-06-21,Blink,Blink 103,retired,chrome_android,mobile
webview_android,104,2022-08-02,Blink,Blink 104,retired,chrome_android,mobile
webview_android,105,2022-09-02,Blink,Blink 105,retired,chrome_android,mobile
webview_android,106,2022-09-27,Blink,Blink 106,retired,chrome_android,mobile
webview_android,107,2022-10-25,Blink,Blink 107,retired,chrome_android,mobile
webview_android,108,2022-11-29,Blink,Blink 108,retired,chrome_android,mobile
webview_android,109,2023-01-10,Blink,Blink 109,retired,chrome_android,mobile
webview_android,110,2023-02-07,Blink,Blink 110,retired,chrome_android,mobile
webview_android,111,2023-03-01,Blink,Blink 111,retired,chrome_android,mobile
webview_android,112,2023-04-04,Blink,Blink 112,retired,chrome_android,mobile
webview_android,113,2023-05-02,Blink,Blink 113,retired,chrome_android,mobile
webview_android,114,2023-05-30,Blink,Blink 114,retired,chrome_android,mobile
webview_android,115,2023-07-21,Blink,Blink 115,retired,chrome_android,mobile
webview_android,116,2023-08-15,Blink,Blink 116,retired,chrome_android,mobile
webview_android,117,2023-09-12,Blink,Blink 117,retired,chrome_android,mobile
webview_android,118,2023-10-10,Blink,Blink 118,retired,chrome_android,mobile
webview_android,119,2023-10-31,Blink,Blink 119,retired,chrome_android,mobile
webview_android,120,2023-12-05,Blink,Blink 120,retired,chrome_android,mobile
webview_android,121,2024-01-23,Blink,Blink 121,retired,chrome_android,mobile
webview_android,122,2024-02-20,Blink,Blink 122,retired,chrome_android,mobile
webview_android,123,2024-03-19,Blink,Blink 123,retired,chrome_android,mobile
webview_android,124,2024-04-16,Blink,Blink 124,retired,chrome_android,mobile
webview_android,125,2024-05-14,Blink,Blink 125,retired,chrome_android,mobile
webview_android,126,2024-06-11,Blink,Blink 126,retired,chrome_android,mobile
webview_android,127,2024-07-23,Blink,Blink 127,retired,chrome_android,mobile
webview_android,128,2024-08-20,Blink,Blink 128,retired,chrome_android,mobile
webview_android,129,2024-09-17,Blink,Blink 129,retired,chrome_android,mobile
webview_android,130,2024-10-15,Blink,Blink 130,retired,chrome_android,mobile
webview_android,131,2024-11-12,Blink,Blink 131,retired,chrome_android,mobile
webview_android,132,2025-01-14,Blink,Blink 132,retired,chrome_android,mobile
webview_android,133,2025-02-04,Blink,Blink 133,retired,chrome_android,mobile
webview_android,134,2025-03-04,Blink,Blink 134,retired,chrome_android,mobile
webview_android,135,2025-04-01,Blink,Blink 135,retired,chrome_android,mobile
webview_android,136,2025-04-29,Blink,Blink 136,retired,chrome_android,mobile
webview_android,137,2025-05-27,Blink,Blink 137,retired,chrome_android,mobile
webview_android,138,2025-06-24,Blink,Blink 138,retired,chrome_android,mobile
webview_android,139,2025-08-05,Blink,Blink 139,retired,chrome_android,mobile
webview_android,140,2025-09-02,Blink,Blink 140,retired,chrome_android,mobile
webview_android,141,2025-09-30,Blink,Blink 141,retired,chrome_android,mobile
webview_android,142,2025-10-28,Blink,Blink 142,retired,chrome_android,mobile
webview_android,143,2025-12-02,Blink,Blink 143,retired,chrome_android,mobile
webview_android,144,2026-01-13,Blink,Blink 144,retired,chrome_android,mobile
webview_android,145,2026-02-10,Blink,Blink 145,retired,chrome_android,mobile
webview_android,146,2026-03-10,Blink,Blink 146,retired,chrome_android,mobile
webview_android,147,2026-04-07,Blink,Blink 147,retired,chrome_android,mobile
webview_android,148,2026-05-05,Blink,Blink 148,retired,chrome_android,mobile
webview_android,149,2026-06-02,Blink,Blink 149,retired,chrome_android,mobile
webview_android,150,2026-06-30,Blink,Blink 150,retired,chrome_android,mobile
webview_android,151,2026-07-28,Blink,Blink 151,retired,chrome_android,mobile
webview_android,152,2026-08-25,Blink,Blink 152,retired,chrome_android,mobile
webview_android,153,2026-09-08,Blink,Blink 153,retired,chrome_android,mobile
webview_android,154,2026-09-22,Blink,Blink 154,current,chrome_android,mobile
webview_android,155,2026-10-06,Blink,Blink 155,beta,chrome_android,mobile
webview_android,156,2026-10-20,Blink,Blink 156,nightly,chrome_android,mobile
webview_ios,1,2007-06-29,WebKit,WebKit 522.11,retired,safari_ios,mobile
webview_ios,2,2008-07-11,WebKit,WebKit 525.18,retired,safari_ios,mobile
webview_ios,3,2009-06-17,WebKit,WebKit 528.18,retired,safari_ios,mobile
webview_ios,3.2,2010-04-03,WebKit,WebKit 531.21,retired,safari_ios,mobile
webview_ios,4,2010-06-21,WebKit,WebKit 532.9,retired,safari_ios,mobile
webview_ios,4.2,2010-11-22,WebKit,WebKit 533.17,retired,safari_ios,mobile
webview_ios,5,2011-10-12,WebKit,WebKit 534.46,retired,safari_ios,mobile
webview_ios,6,2012-09-10,WebKit,WebKit 536.26,retired,safari_ios,mobile
webview_ios,7,2013-09-18,WebKit,WebKit 537.51,retired,safari_ios,mobile
webview_ios,8,2014-09-17,WebKit,WebKit 600.1.4,retired,safari_ios,mobile
webview_ios,9,2015-09-16,WebKit,WebKit 601.1.56,retired,safari_ios,mobile
webview_ios,9.3,2016-03-21,WebKit,WebKit 601.5.17,retired,safari_ios,mobile
webview_ios,10,2016-09-13,WebKit,WebKit 602.1.50,retired,safari_ios,mobile
webview_ios,10.3,2017-03-27,WebKit,WebKit 603.2.1,retired,safari_ios,mobile
webview_ios,11,2017-09-19,WebKit,WebKit 604.2.4,retired,safari_ios,mobile
webview_ios,11.3,2018-03-29,WebKit,WebKit 605.1.33,retired,safari_ios,mobile
webview_ios,12,2018-09-17,WebKit,WebKit 606.1.36,retired,safari_ios,mobile
webview_ios,12.2,2019-03-25,WebKit,WebKit 607.1.40,retired,safari_ios,mobile
webview_ios,13,2019-09-19,WebKit,WebKit 608.2.11,retired,safari_ios,mobile
webview_ios,13.4,2020-03-24,WebKit,WebKit 609.1.20,retired,safari_ios,mobile
webview_ios,14,2020-09-16,WebKit,WebKit 610.1.28,retired,safari_ios,mobile
webview_ios,14.5,2021-04-26,WebKit,WebKit 611.1.21,retired,safari_ios,mobile
webview_ios,15,2021-09-20,WebKit,WebKit 612.1.27,retired,safari_ios,mobile
webview_ios,15.1,2021-10-25,WebKit,WebKit 612.2.9,retired,safari_ios,mobile
webview_ios,15.2,2021-12-13,WebKit,WebKit 612.3.6,retired,safari_ios,mobile
webview_ios,15.3,2022-01-26,WebKit,WebKit 612.4.9,retired,safari_ios,mobile
webview_ios,15.4,2022-03-14,WebKit,WebKit 613.1.17,retired,safari_ios,mobile
webview_ios,15.5,2022-05-16,WebKit,WebKit 613.2.7,retired,safari_ios,mobile
webview_ios,15.6,2022-07-20,WebKit,WebKit 613.3.9,retired,safari_ios,mobile
webview_ios,16,2022-09-12,WebKit,WebKit 614.1.25,retired,safari_ios,mobile
webview_ios,16.1,2022-10-24,WebKit,WebKit 614.2.9,retired,safari_ios,mobile
webview_ios,16.2,2022-12-13,WebKit,WebKit 614.3.7,retired,safari_ios,mobile
webview_ios,16.3,2023-01-23,WebKit,WebKit 614.4.6,retired,safari_ios,mobile
webview_ios,16.4,2023-03-27,WebKit,WebKit 615.1.26,retired,safari_ios,mobile
webview_ios,16.5,2023-05-18,WebKit,WebKit 615.2.9,retired,safari_ios,mobile
webview_ios,16.6,2023-07-24,WebKit,WebKit 615.3.12,retired,safari_ios,mobile
webview_ios,17,2023-09-18,WebKit,WebKit 616.1.27,retired,safari_ios,mobile
webview_ios,17.1,2023-10-25,WebKit,WebKit 616.2.9,retired,safari_ios,mobile
webview_ios,17.2,2023-12-11,WebKit,WebKit 617.1.17,retired,safari_ios,mobile
webview_ios,17.3,2024-01-22,WebKit,WebKit 617.2.4,retired,safari_ios,mobile
webview_ios,17.4,2024-03-05,WebKit,WebKit 618.1.15,retired,safari_ios,mobile
webview_ios,17.5,2024-05-13,WebKit,WebKit 618.2.12,retired,safari_ios,mobile
webview_ios,17.6,2024-07-29,WebKit,WebKit 618.3.11,retired,safari_ios,mobile
webview_ios,18,2024-09-16,WebKit,WebKit 619.1.26,retired,safari_ios,mobile
webview_ios,18.1,2024-10-28,WebKit,WebKit 619.2.8,retired,safari_ios,mobile
webview_ios,18.2,2024-12-11,WebKit,WebKit 620.1.16,retired,safari_ios,mobile
webview_ios,18.3,2025-01-27,WebKit,WebKit 620.2.4,retired,safari_ios,mobile
webview_ios,18.4,2025-03-31,WebKit,WebKit 621.1.15,retired,safari_ios,mobile
webview_ios,18.5,2025-05-12,WebKit,WebKit 621.2.5,retired,safari_ios,mobile
webview_ios,18.6,2025-07-29,WebKit,WebKit 621.3.11,retired,safari_ios,mobile
webview_ios,26,2025-09-15,WebKit,WebKit 622.1.22,retired,safari_ios,mobile
webview_ios,26.1,2025-11-03,WebKit,WebKit 622.2.11,retired,safari_ios,mobile
webview_ios,26.2,2025-12-12,WebKit,WebKit 623.1.14,retired,safari_ios,mobile
webview_ios,26.3,2026-02-11,WebKit,WebKit 623.2.7,retired,safari_ios,mobile
webview_ios,26.4,2026-03-24,WebKit,WebKit 624.1.16,retired,safari_ios,mobile
webview_ios,26.5,2026-05-11,WebKit,WebKit 624.2.5,retired,safari_ios,mobile
webview_ios,26.6,2026-07-27,WebKit,WebKit 624.4.5,retired,safari_ios,mobile
webview_ios,27,2026-09-14,WebKit,WebKit 625.1.29,current,safari_ios,mobile
